Route ID,Stop ID,Latitude,Longitude,Actual Time
R1,R1_S1,13.088314830068214,80.27084038684471,2025-07-24 08:08:00
R1,R1_S2,13.071520768672071,80.26896572477231,2025-07-24 08:14:00
R1,R1_S3,13.076319838494012,80.26452421909048,2025-07-24 08:17:00
R1,R1_S4,13.058057897881355,80.2765705451339,2025-07-24 08:19:00
R1,R1_S5,13.085258985289371,80.27024873260943,2025-07-24 08:28:00
R1,R1_S6,13.076988495500204,80.2795388384702,2025-07-24 08:38:00
R1,R1_S7,13.083387572664725,80.25890204706047,2025-07-24 08:33:00
R1,R1_S8,13.0684591412436,80.26723549075844,2025-07-24 08:38:00
R1,R1_S9,13.083877297817674,80.27793431617596,2025-07-24 08:43:00
R1,R1_S10,13.106203879820061,80.28182895397578,2025-07-24 08:59:00
R1,R1_S11,13.085263917693643,80.26746085348468,2025-07-24 08:59:00
R1,R1_S12,13.092704284266922,80.27765127616041,2025-07-24 09:06:00
R1,R1_S13,13.067440734983254,80.28128608644916,2025-07-24 09:09:00
R1,R1_S14,13.092657939032073,80.28628087730739,2025-07-24 09:09:00
R1,R1_S15,13.086677755855986,80.26578683902042,2025-07-24 09:18:00
R1,R1_S16,13.081345150495514,80.26093100202971,2025-07-24 09:17:00
R1,R1_S17,13.08339793587752,80.2511814234255,2025-07-24 09:34:00
R1,R1_S18,13.068649789199323,80.27321145951166,2025-07-24 09:29:00
R1,R1_S19,13.087971600185305,80.2825963794252,2025-07-24 09:43:00
R1,R1_S20,13.091552369969252,80.26824329748634,2025-07-24 09:45:00
R1,R1_S21,13.075287360908096,80.2659598635859,2025-07-24 09:45:00
R1,R1_S22,13.069333112507042,80.25925982842352,2025-07-24 09:51:00
R1,R1_S23,13.071071281426958,80.27933505572776,2025-07-24 09:59:00
R1,R1_S24,13.073250881110816,80.2830660827646,2025-07-24 09:57:00
R1,R1_S25,13.079519355840677,80.26843187026347,2025-07-24 10:03:00
R1,R1_S26,13.059871137106978,80.28673506398844,2025-07-24 10:13:00
R1,R1_S27,13.074144811097081,80.27981542427783,2025-07-24 10:15:00
R1,R1_S28,13.082758397179505,80.27341285595287,2025-07-24 10:25:00
R1,R1_S29,13.072894288113782,80.26453354704987,2025-07-24 10:32:00
R1,R1_S30,13.089345122698068,80.26228181135002,2025-07-24 10:33:00
R1,R1_S31,13.088683908539783,80.26139215331052,2025-07-24 10:32:00
R1,R1_S32,13.094597726603533,80.27798968633921,2025-07-24 10:46:00
R1,R1_S33,13.091062632108303,80.25969849958994,2025-07-24 10:53:00
R1,R1_S34,13.083181300604412,80.27589658662721,2025-07-24 10:55:00
R1,R1_S35,13.096311608988158,80.26324560923649,2025-07-24 11:02:00
R1,R1_S36,13.091806871935736,80.2884214381391,2025-07-24 11:05:00
R1,R1_S37,13.100166441614245,80.27609488281776,2025-07-24 11:02:00
R1,R1_S38,13.082188903693288,80.26575426958301,2025-07-24 11:14:00
R1,R1_S39,13.086077221350587,80.28025121770206,2025-07-24 11:14:00
R1,R1_S40,13.069830189299573,80.27796315370443,2025-07-24 11:19:00
R1,R1_S41,13.085479909885178,80.28042536656753,2025-07-24 11:33:00
R1,R1_S42,13.091196509826565,80.27307258753113,2025-07-24 11:30:00
R1,R1_S43,13.082995668255819,80.27006762264696,2025-07-24 11:36:00
R1,R1_S44,13.08584653066096,80.27073104076077,2025-07-24 11:43:00
R1,R1_S45,13.080246556503951,80.25158761103735,2025-07-24 11:47:00
R1,R1_S46,13.089231703108956,80.28752043783165,2025-07-24 11:52:00
R1,R1_S47,13.068617524589868,80.26200934195799,2025-07-24 11:59:00
R1,R1_S48,13.092152843063797,80.28030019548044,2025-07-24 12:03:00
R1,R1_S49,13.06645270942405,80.26579041427678,2025-07-24 12:08:00
R1,R1_S50,13.098404444611308,80.27176126633792,2025-07-24 12:18:00
R1,R1_S51,13.065894297537897,80.29190486133528,2025-07-24 12:21:00
R1,R1_S52,13.064400503144807,80.27435324413192,2025-07-24 12:20:00
R1,R1_S53,13.062243336693047,80.27573708167277,2025-07-24 12:33:00
R1,R1_S54,13.075441905522734,80.27221298554822,2025-07-24 12:29:00
R1,R1_S55,13.096349498187777,80.27942973379291,2025-07-24 12:34:00
R1,R1_S56,13.075289614613885,80.27910959690651,2025-07-24 12:41:00
R1,R1_S57,13.09896408209044,80.26358271425875,2025-07-24 12:47:00
R1,R1_S58,13.092531113166338,80.28501541954022,2025-07-24 12:52:00
R1,R1_S59,13.070524882027378,80.27217443338579,2025-07-24 13:03:00
R1,R1_S60,13.086211263809885,80.27838681517824,2025-07-24 13:01:00
R1,R1_S61,13.067755613683644,80.26834862211095,2025-07-24 13:11:00
R1,R1_S62,13.084651678741379,80.27867322765518,2025-07-24 13:14:00
R1,R1_S63,13.086748519854355,80.28099483822169,2025-07-24 13:14:00
R1,R1_S64,13.077235511735052,80.29188414883181,2025-07-24 13:19:00
R1,R1_S65,13.087045292742944,80.28043830156281,2025-07-24 13:33:00
R1,R1_S66,13.085301796426993,80.26398000386715,2025-07-24 13:36:00
R1,R1_S67,13.071422061164073,80.2818027793572,2025-07-24 13:41:00
R1,R1_S68,13.092582124850411,80.28580681660867,2025-07-24 13:41:00
R1,R1_S69,13.084885745098378,80.27377153004396,2025-07-24 13:44:00
R1,R1_S70,13.083768648956148,80.27128170244426,2025-07-24 13:54:00
R1,R1_S71,13.085269403290322,80.28029925142845,2025-07-24 13:58:00
R1,R1_S72,13.078632992981362,80.2742471646437,2025-07-24 14:05:00
R1,R1_S73,13.089843696065438,80.2674671893797,2025-07-24 14:05:00
R1,R1_S74,13.100031131298266,80.28090549731368,2025-07-24 14:15:00
R1,R1_S75,13.070107139187812,80.27379775943764,2025-07-24 14:23:00
R1,R1_S76,13.091645415099716,80.27572087525375,2025-07-24 14:29:00
R1,R1_S77,13.076063923336468,80.25721115417007,2025-07-24 14:29:00
R1,R1_S78,13.067500712363776,80.25641191510454,2025-07-24 14:39:00
R1,R1_S79,13.09669080116957,80.26073334474309,2025-07-24 14:34:00
R1,R1_S80,13.078548143230936,80.25625189869986,2025-07-24 14:44:00
R1,R1_S81,13.086446532117623,80.26396042947748,2025-07-24 14:50:00
R1,R1_S82,13.067900699038649,80.26271630731925,2025-07-24 14:52:00
R1,R1_S83,13.063564457008965,80.27697610858294,2025-07-24 14:54:00
R1,R1_S84,13.084396245350385,80.27663925373855,2025-07-24 14:57:00
R1,R1_S85,13.094593183548504,80.28983718702892,2025-07-24 15:13:00
R1,R1_S86,13.071618585533711,80.2673775088447,2025-07-24 15:18:00
R1,R1_S87,13.07545042936024,80.27408010870398,2025-07-24 15:12:00
R1,R1_S88,13.099331176775042,80.255370431399,2025-07-24 15:19:00
R1,R1_S89,13.090819873118658,80.28533428681035,2025-07-24 15:23:00
R1,R1_S90,13.071782288972754,80.27214842117735,2025-07-24 15:28:00
R1,R1_S91,13.065454114863838,80.28547654005364,2025-07-24 15:34:00
R1,R1_S92,13.086525690909136,80.26608147843311,2025-07-24 15:39:00
R1,R1_S93,13.097549309521124,80.27222546133845,2025-07-24 15:42:00
R1,R1_S94,13.084614571195209,80.27471974624875,2025-07-24 15:48:00
R1,R1_S95,13.074663402896928,80.26970875456684,2025-07-24 15:57:00
R1,R1_S96,13.076957618830484,80.28216751143421,2025-07-24 16:03:00
R1,R1_S97,13.088188836035272,80.28507236703533,2025-07-24 16:07:00
R1,R1_S98,13.086341713942689,80.27246972068359,2025-07-24 16:17:00
R1,R1_S99,13.083182718867103,80.26812333682224,2025-07-24 16:23:00
R1,R1_S100,13.085869371772665,80.2525068978964,2025-07-24 16:26:00
R2,R2_S1,13.0822714323071,80.27699936110078,2025-07-24 08:03:00
R2,R2_S2,13.067843979363275,80.2813875626927,2025-07-24 08:17:00
R2,R2_S3,13.085852115543634,80.26024198861485,2025-07-24 08:14:00
R2,R2_S4,13.083213074720739,80.28178978009653,2025-07-24 08:19:00
R2,R2_S5,13.073110920397884,80.26491821224374,2025-07-24 08:23:00
R2,R2_S6,13.078328148532885,80.26223962040332,2025-07-24 08:35:00
R2,R2_S7,13.083545997337215,80.28937502976981,2025-07-24 08:32:00
R2,R2_S8,13.090477130473749,80.2650758671762,2025-07-24 08:44:00
R2,R2_S9,13.105814893251319,80.2654006272976,2025-07-24 08:54:00
R2,R2_S10,13.087174016695338,80.26350594611854,2025-07-24 08:58:00
R2,R2_S11,13.079814377764935,80.26134805922987,2025-07-24 09:00:00
R2,R2_S12,13.07617873437624,80.2766850821534,2025-07-24 09:02:00
R2,R2_S13,13.075185973028004,80.26810267167065,2025-07-24 09:05:00
R2,R2_S14,13.098704313133188,80.25699941258928,2025-07-24 09:12:00
R2,R2_S15,13.09689399461837,80.27589876175877,2025-07-24 09:20:00
R2,R2_S16,13.088399340132431,80.2684016216644,2025-07-24 09:27:00
R2,R2_S17,13.082615486476735,80.27173516141798,2025-07-24 09:27:00
R2,R2_S18,13.08143509461492,80.24806569988219,2025-07-24 09:32:00
R2,R2_S19,13.083427946057457,80.27578086791341,2025-07-24 09:33:00
R2,R2_S20,13.104066217037213,80.28613438663865,2025-07-24 09:42:00
R2,R2_S21,13.090952800400942,80.26281811398945,2025-07-24 09:47:00
R2,R2_S22,13.074092360137591,80.27176642104708,2025-07-24 09:47:00
R2,R2_S23,13.077217308258579,80.2512959889796,2025-07-24 09:53:00
R2,R2_S24,13.093598620204212,80.26380137445013,2025-07-24 09:57:00
R2,R2_S25,13.083271665974605,80.26092633141036,2025-07-24 10:02:00
R2,R2_S26,13.087899121057665,80.27699350193168,2025-07-24 10:17:00
R2,R2_S27,13.08473367993639,80.26939764848939,2025-07-24 10:19:00
R2,R2_S28,13.088535293650766,80.27813900490797,2025-07-24 10:21:00
R2,R2_S29,13.085926724977964,80.28140998769548,2025-07-24 10:34:00
R2,R2_S30,13.101565302934274,80.27855062847111,2025-07-24 10:29:00
R2,R2_S31,13.091777293211985,80.29120498450135,2025-07-24 10:32:00
R2,R2_S32,13.081200624159514,80.27902667020335,2025-07-24 10:39:00
R2,R2_S33,13.061024109490356,80.28414395553004,2025-07-24 10:51:00
R2,R2_S34,13.086717745941051,80.2688178137188,2025-07-24 10:53:00
R2,R2_S35,13.09048467587123,80.28118679449203,2025-07-24 10:55:00
R2,R2_S36,13.097450186390825,80.27554948348505,2025-07-24 11:02:00
R2,R2_S37,13.06250916920402,80.27652444919119,2025-07-24 11:14:00
R2,R2_S38,13.073928056781568,80.29998838050058,2025-07-24 11:17:00
R2,R2_S39,13.094926815133483,80.28106699381942,2025-07-24 11:16:00
R2,R2_S40,13.069242685303076,80.26329232105208,2025-07-24 11:27:00
R2,R2_S41,13.087945438242816,80.259574330709,2025-07-24 11:29:00
R2,R2_S42,13.100738497222343,80.27704486285593,2025-07-24 11:36:00
R2,R2_S43,13.07604610306257,80.28322310243868,2025-07-24 11:35:00
R2,R2_S44,13.081564784493173,80.28317146550418,2025-07-24 11:45:00
R2,R2_S45,13.075210289273638,80.27862659093832,2025-07-24 11:44:00
R2,R2_S46,13.090992585318858,80.2481207662737,2025-07-24 11:48:00
R2,R2_S47,13.090661792610032,80.27039773875926,2025-07-24 12:02:00
R2,R2_S48,13.077545682716199,80.26791846943601,2025-07-24 12:04:00
R2,R2_S49,13.092181357956978,80.26299720748155,2025-07-24 12:03:00
R2,R2_S50,13.07172896772372,80.27570215742844,2025-07-24 12:19:00
R2,R2_S51,13.076045996123081,80.25998246037295,2025-07-24 12:14:00
R2,R2_S52,13.084107185600798,80.26870953693953,2025-07-24 12:29:00
R2,R2_S53,13.09191031954825,80.26745511907909,2025-07-24 12:24:00
R2,R2_S54,13.094507446035484,80.24286584635183,2025-07-24 12:32:00
R2,R2_S55,13.078566960065785,80.27286144052454,2025-07-24 12:34:00
R2,R2_S56,13.067514307207357,80.26467410356751,2025-07-24 12:43:00
R2,R2_S57,13.078509306090545,80.28128385417007,2025-07-24 12:48:00
R2,R2_S58,13.084187935295795,80.26834328981948,2025-07-24 12:54:00
R2,R2_S59,13.081007705986623,80.26739605523599,2025-07-24 13:02:00
R2,R2_S60,13.079338468089079,80.25986756521442,2025-07-24 13:06:00
R2,R2_S61,13.064760707048368,80.28753056393357,2025-07-24 13:03:00
R2,R2_S62,13.078931159472639,80.27074742657113,2025-07-24 13:15:00
R2,R2_S63,13.066137128527668,80.26521981939979,2025-07-24 13:12:00
R2,R2_S64,13.106354527722113,80.24391708264534,2025-07-24 13:25:00
R2,R2_S65,13.075183007589231,80.26661938708216,2025-07-24 13:28:00
R2,R2_S66,13.093548530773926,80.27622251722369,2025-07-24 13:35:00
R2,R2_S67,13.087811683194472,80.25414676144004,2025-07-24 13:38:00
R2,R2_S68,13.072805422244556,80.26244810337613,2025-07-24 13:49:00
R2,R2_S69,13.072504319594296,80.27660955714374,2025-07-24 13:53:00
R2,R2_S70,13.078884545422422,80.2851308801827,2025-07-24 13:47:00
R2,R2_S71,13.083956149841779,80.26173950957963,2025-07-24 13:59:00
R2,R2_S72,13.091692188608539,80.27095483381713,2025-07-24 14:02:00
R2,R2_S73,13.103608467374599,80.26783350041168,2025-07-24 14:02:00
R2,R2_S74,13.085961160579796,80.25322397391672,2025-07-24 14:07:00
R2,R2_S75,13.109450118708974,80.26903622457763,2025-07-24 14:16:00
R2,R2_S76,13.071674763259306,80.25670426259781,2025-07-24 14:24:00
R2,R2_S77,13.067620214443346,80.26722878150755,2025-07-24 14:33:00
R2,R2_S78,13.08028588104709,80.26512115724067,2025-07-24 14:27:00
R2,R2_S79,13.08485720786034,80.25795714215818,2025-07-24 14:36:00
R2,R2_S80,13.09078777348325,80.28001388193852,2025-07-24 14:38:00
R2,R2_S81,13.068252966117662,80.27025479858086,2025-07-24 14:46:00
R2,R2_S82,13.074311353433211,80.27589327998155,2025-07-24 14:59:00
R2,R2_S83,13.093525244192948,80.27078235967548,2025-07-24 15:01:00
R2,R2_S84,13.09708081248668,80.28166214314543,2025-07-24 15:09:00
R2,R2_S85,13.086177093841911,80.26501790648116,2025-07-24 15:13:00
R2,R2_S86,13.098080992620323,80.27436332576153,2025-07-24 15:19:00
R2,R2_S87,13.090028186670283,80.27411582551481,2025-07-24 15:18:00
R2,R2_S88,13.085902518433748,80.27032927052603,2025-07-24 15:27:00
R2,R2_S89,13.079826013622617,80.28443063584143,2025-07-24 15:29:00
R2,R2_S90,13.075656592615228,80.25482301632448,2025-07-24 15:30:00
R2,R2_S91,13.073673333238203,80.27783179250315,2025-07-24 15:33:00
R2,R2_S92,13.072623907445093,80.26325623908151,2025-07-24 15:37:00
R2,R2_S93,13.073728487164253,80.26641623279461,2025-07-24 15:48:00
R2,R2_S94,13.106964330468447,80.26568213942232,2025-07-24 15:59:00
R2,R2_S95,13.07905659943887,80.27085368439455,2025-07-24 15:58:00
R2,R2_S96,13.096072686906796,80.2654639526189,2025-07-24 15:59:00
R2,R2_S97,13.078005269001736,80.26460163767231,2025-07-24 16:06:00
R2,R2_S98,13.076857978485881,80.26715744119063,2025-07-24 16:14:00
R2,R2_S99,13.082985929370752,80.27214303772963,2025-07-24 16:17:00
R2,R2_S100,13.090700099567544,80.2611848840114,2025-07-24 16:28:00
R3,R3_S1,13.083284086422015,80.28186753119014,2025-07-24 08:09:00
R3,R3_S2,13.09010284308159,80.28880778116657,2025-07-24 08:09:00
R3,R3_S3,13.07865083363247,80.27589915748327,2025-07-24 08:24:00
R3,R3_S4,13.088732687146651,80.28080614811842,2025-07-24 08:22:00
R3,R3_S5,13.084606906718728,80.26966931221072,2025-07-24 08:28:00
R3,R3_S6,13.084185503381745,80.27003754947376,2025-07-24 08:28:00
R3,R3_S7,13.090902169057191,80.25589602555164,2025-07-24 08:33:00
R3,R3_S8,13.088847063576459,80.29255169756073,2025-07-24 08:43:00
R3,R3_S9,13.089289205492076,80.26973804625477,2025-07-24 08:46:00
R3,R3_S10,13.079309295604356,80.27161438462957,2025-07-24 08:52:00
R3,R3_S11,13.079773545242459,80.29107886498933,2025-07-24 09:02:00
R3,R3_S12,13.086239984260883,80.26340670588624,2025-07-24 08:59:00
R3,R3_S13,13.08165903445393,80.25961656321348,2025-07-24 09:14:00
R3,R3_S14,13.072731472542465,80.27721948584227,2025-07-24 09:12:00
R3,R3_S15,13.0866647140954,80.27468228611781,2025-07-24 09:22:00
R3,R3_S16,13.090968013457193,80.26796520723458,2025-07-24 09:17:00
R3,R3_S17,13.070102454579704,80.28625494187233,2025-07-24 09:29:00
R3,R3_S18,13.080137318279215,80.2634009723836,2025-07-24 09:33:00
R3,R3_S19,13.074505513992058,80.27442386219612,2025-07-24 09:40:00
R3,R3_S20,13.066951973890609,80.27707807697918,2025-07-24 09:48:00
R3,R3_S21,13.084821687698097,80.26323685944595,2025-07-24 09:52:00
R3,R3_S22,13.102656721710586,80.26677711390333,2025-07-24 09:52:00
R3,R3_S23,13.093307346615752,80.26024258270331,2025-07-24 09:59:00
R3,R3_S24,13.09177512482301,80.27920773899854,2025-07-24 10:02:00
R3,R3_S25,13.097513018843843,80.27950050874475,2025-07-24 10:13:00
R3,R3_S26,13.082853919160193,80.26397038421197,2025-07-24 10:13:00
R3,R3_S27,13.085642985587276,80.2606969820325,2025-07-24 10:13:00
R3,R3_S28,13.083928208707505,80.26883997810677,2025-07-24 10:25:00
R3,R3_S29,13.083994527012816,80.26462411760836,2025-07-24 10:23:00
R3,R3_S30,13.095016560372542,80.2787069860024,2025-07-24 10:37:00
R3,R3_S31,13.083647380535588,80.28151873293673,2025-07-24 10:34:00
R3,R3_S32,13.101288698266677,80.2671721283791,2025-07-24 10:45:00
R3,R3_S33,13.080019362406095,80.27436795946008,2025-07-24 10:48:00
R3,R3_S34,13.086916537945056,80.25071233701736,2025-07-24 10:49:00
R3,R3_S35,13.078768488940224,80.27270521627473,2025-07-24 11:01:00
R3,R3_S36,13.076642369714005,80.2849754927527,2025-07-24 11:00:00
R3,R3_S37,13.116342245788527,80.27458624476867,2025-07-24 11:11:00
R3,R3_S38,13.080013128465087,80.28793552370513,2025-07-24 11:09:00
R3,R3_S39,13.073145402972399,80.25478478384217,2025-07-24 11:16:00
R3,R3_S40,13.076938403171189,80.2749187091002,2025-07-24 11:23:00
R3,R3_S41,13.06623430734219,80.28552168470523,2025-07-24 11:27:00
R3,R3_S42,13.066038357501402,80.27125817299266,2025-07-24 11:34:00
R3,R3_S43,13.10108513736947,80.2788336476618,2025-07-24 11:40:00
R3,R3_S44,13.06928548404148,80.28265477175552,2025-07-24 11:49:00
R3,R3_S45,13.074880047756714,80.26409405586278,2025-07-24 11:51:00
R3,R3_S46,13.1020468756435,80.26365503667182,2025-07-24 11:54:00
R3,R3_S47,13.097358945771937,80.27885295971683,2025-07-24 12:00:00
R3,R3_S48,13.067827438662372,80.2829346704944,2025-07-24 12:04:00
R3,R3_S49,13.086023247760577,80.28406711122638,2025-07-24 12:14:00
R3,R3_S50,13.079632945899887,80.26571226955281,2025-07-24 12:09:00
R3,R3_S51,13.090105035962473,80.26789463351439,2025-07-24 12:23:00
R3,R3_S52,13.083959846094908,80.27631121526008,2025-07-24 12:27:00
R3,R3_S53,13.104691929864547,80.26826419779132,2025-07-24 12:31:00
R3,R3_S54,13.075973152295349,80.27494419838204,2025-07-24 12:39:00
R3,R3_S55,13.093978089392161,80.26814323139878,2025-07-24 12:38:00
R3,R3_S56,13.082367486411702,80.27283259035448,2025-07-24 12:37:00
R3,R3_S57,13.094393989551609,80.28142729814287,2025-07-24 12:46:00
R3,R3_S58,13.09010182244086,80.28841371945728,2025-07-24 12:52:00
R3,R3_S59,13.09046274238688,80.26620911115731,2025-07-24 13:02:00
R3,R3_S60,13.081447904136018,80.27911326386776,2025-07-24 13:02:00
R3,R3_S61,13.089129921239744,80.26588658320614,2025-07-24 13:08:00
R3,R3_S62,13.069034610666638,80.25581515465962,2025-07-24 13:15:00
R3,R3_S63,13.093032625552864,80.29312658633934,2025-07-24 13:22:00
R3,R3_S64,13.098432001256187,80.28305060669878,2025-07-24 13:19:00
R3,R3_S65,13.089013576865161,80.27010262073773,2025-07-24 13:33:00
R3,R3_S66,13.060159864406476,80.26569409439999,2025-07-24 13:38:00
R3,R3_S67,13.09039348700182,80.27344932111181,2025-07-24 13:35:00
R3,R3_S68,13.080777346595248,80.27528038458131,2025-07-24 13:41:00
R3,R3_S69,13.072993983079646,80.2610561091142,2025-07-24 13:51:00
R3,R3_S70,13.097241852060675,80.27684402017618,2025-07-24 13:55:00
R3,R3_S71,13.07244292229118,80.27172648033749,2025-07-24 13:58:00
R3,R3_S72,13.091366778482888,80.26392853290919,2025-07-24 14:02:00
R3,R3_S73,13.077382328781306,80.27147609934518,2025-07-24 14:08:00
R3,R3_S74,13.086500247019412,80.29362656083887,2025-07-24 14:16:00
R3,R3_S75,13.07824702062191,80.2601512075409,2025-07-24 14:12:00
R3,R3_S76,13.090974553860743,80.26313123505986,2025-07-24 14:28:00
R3,R3_S77,13.092420627890954,80.2768301307705,2025-07-24 14:28:00
R3,R3_S78,13.071457792690637,80.27421200619973,2025-07-24 14:33:00
R3,R3_S79,13.068518197072843,80.27140245331036,2025-07-24 14:38:00
R3,R3_S80,13.06879001400312,80.27169220130489,2025-07-24 14:45:00
R3,R3_S81,13.076340955134379,80.28653757981273,2025-07-24 14:42:00
R3,R3_S82,13.08728090203472,80.28246721594239,2025-07-24 14:59:00
R3,R3_S83,13.071105643092071,80.2633894785267,2025-07-24 14:52:00
R3,R3_S84,13.087830000549694,80.27975219253315,2025-07-24 15:04:00
R3,R3_S85,13.084015066679575,80.27940934618594,2025-07-24 15:04:00
R3,R3_S86,13.06769184716086,80.25751696704089,2025-07-24 15:10:00
R3,R3_S87,13.082673644799298,80.26452054076451,2025-07-24 15:21:00
R3,R3_S88,13.080852209443924,80.26289701676056,2025-07-24 15:28:00
R3,R3_S89,13.081586612100775,80.27425393912887,2025-07-24 15:24:00
R3,R3_S90,13.08350515464734,80.27972783185714,2025-07-24 15:32:00
R3,R3_S91,13.09113101797594,80.26483873679247,2025-07-24 15:43:00
R3,R3_S92,13.088995097306379,80.27893579021439,2025-07-24 15:41:00
R3,R3_S93,13.071806899322281,80.26355234464994,2025-07-24 15:48:00
R3,R3_S94,13.088879800047549,80.26728796018455,2025-07-24 15:50:00
R3,R3_S95,13.084437370068464,80.26942082892391,2025-07-24 15:57:00
R3,R3_S96,13.078539882157152,80.26718005731678,2025-07-24 15:59:00
R3,R3_S97,13.088093279593073,80.26170620118545,2025-07-24 16:11:00
R3,R3_S98,13.082913412362357,80.27237564893612,2025-07-24 16:12:00
R3,R3_S99,13.076737900919397,80.28036930893292,2025-07-24 16:16:00
R3,R3_S100,13.083196000470911,80.2764834291874,2025-07-24 16:29:00
R4,R4_S1,13.08830123536646,80.2673668674841,2025-07-24 08:04:00
R4,R4_S2,13.069308623325254,80.272003006514,2025-07-24 08:08:00
R4,R4_S3,13.083573271908481,80.26702667060233,2025-07-24 08:23:00
R4,R4_S4,13.097178715314373,80.28343951065631,2025-07-24 08:28:00
R4,R4_S5,13.089641620219512,80.25678534022674,2025-07-24 08:26:00
R4,R4_S6,13.080907817297309,80.27942265252865,2025-07-24 08:38:00
R4,R4_S7,13.069948650871787,80.26984965039863,2025-07-24 08:38:00
R4,R4_S8,13.076388651544482,80.24518138108395,2025-07-24 08:43:00
R4,R4_S9,13.06778888267797,80.28210573065363,2025-07-24 08:46:00
R4,R4_S10,13.070798779661287,80.27245116864506,2025-07-24 08:50:00
R4,R4_S11,13.076563187496498,80.26487953911862,2025-07-24 08:54:00
R4,R4_S12,13.07045215889818,80.25435506234409,2025-07-24 09:09:00
R4,R4_S13,13.087675631406682,80.27219980425255,2025-07-24 09:13:00
R4,R4_S14,13.086150285778457,80.2756893743071,2025-07-24 09:12:00
R4,R4_S15,13.095749417043056,80.28556169409693,2025-07-24 09:14:00
R4,R4_S16,13.077749677870981,80.27051719566902,2025-07-24 09:19:00
R4,R4_S17,13.073694155224924,80.28236019517679,2025-07-24 09:24:00
R4,R4_S18,13.073416594327844,80.27678548083594,2025-07-24 09:36:00
R4,R4_S19,13.087518721995473,80.28330912637628,2025-07-24 09:32:00
R4,R4_S20,13.075048362331028,80.26184252039748,2025-07-24 09:46:00
R4,R4_S21,13.076321830821096,80.28024699355967,2025-07-24 09:46:00
R4,R4_S22,13.082036238891758,80.27935901269812,2025-07-24 09:56:00
R4,R4_S23,13.087673432153196,80.26731500074092,2025-07-24 10:02:00
R4,R4_S24,13.06053209716041,80.27968222214696,2025-07-24 10:00:00
R4,R4_S25,13.080794870461952,80.26874760421364,2025-07-24 10:04:00
R4,R4_S26,13.070225449084354,80.28260432495613,2025-07-24 10:08:00
R4,R4_S27,13.068993251376556,80.27698953532791,2025-07-24 10:22:00
R4,R4_S28,13.094242511188387,80.26098856350426,2025-07-24 10:29:00
R4,R4_S29,13.08256897192529,80.27041897801662,2025-07-24 10:24:00
R4,R4_S30,13.079936136605893,80.26080281411295,2025-07-24 10:27:00
R4,R4_S31,13.06551961114951,80.2721078428471,2025-07-24 10:38:00
R4,R4_S32,13.09152636803182,80.27251737345739,2025-07-24 10:46:00
R4,R4_S33,13.080029243977336,80.26278337386233,2025-07-24 10:51:00
R4,R4_S34,13.091836636002878,80.27748405667077,2025-07-24 10:59:00
R4,R4_S35,13.099320341714273,80.29718728807248,2025-07-24 11:03:00
R4,R4_S36,13.074730068720571,80.27760233678235,2025-07-24 11:07:00
R4,R4_S37,13.08927392416989,80.2721012453763,2025-07-24 11:11:00
R4,R4_S38,13.075117202281318,80.25009751422624,2025-07-24 11:09:00
R4,R4_S39,13.086222925729633,80.2607689638608,2025-07-24 11:12:00
R4,R4_S40,13.07661717094242,80.29646654415988,2025-07-24 11:26:00
R4,R4_S41,13.102944085153627,80.29052258680925,2025-07-24 11:23:00
R4,R4_S42,13.080726739898632,80.26993495389576,2025-07-24 11:29:00
R4,R4_S43,13.081694541222209,80.26712302471529,2025-07-24 11:35:00
R4,R4_S44,13.054532575582225,80.27782332394197,2025-07-24 11:43:00
R4,R4_S45,13.077089661340109,80.25846848853159,2025-07-24 11:47:00
R4,R4_S46,13.073679165452235,80.28982302336682,2025-07-24 11:57:00
R4,R4_S47,13.091557106770393,80.27950583346234,2025-07-24 11:54:00
R4,R4_S48,13.075526266516235,80.27858468828133,2025-07-24 12:01:00
R4,R4_S49,13.07546567139795,80.25488476532537,2025-07-24 12:06:00
R4,R4_S50,13.070973316737847,80.24374962946386,2025-07-24 12:07:00
R4,R4_S51,13.079903971920485,80.26151982953586,2025-07-24 12:16:00
R4,R4_S52,13.073291269741588,80.26155432851114,2025-07-24 12:24:00
R4,R4_S53,13.083194936728066,80.272913481601,2025-07-24 12:27:00
R4,R4_S54,13.080062086796243,80.26411192860489,2025-07-24 12:33:00
R4,R4_S55,13.08154293260336,80.27001990174602,2025-07-24 12:39:00
R4,R4_S56,13.089614516400042,80.27106348667468,2025-07-24 12:45:00
R4,R4_S57,13.087229451738617,80.26994973443304,2025-07-24 12:46:00
R4,R4_S58,13.069448420274023,80.29519581610292,2025-07-24 12:55:00
R4,R4_S59,13.076890438442799,80.28640275529764,2025-07-24 12:52:00
R4,R4_S60,13.072970598310548,80.27200990410576,2025-07-24 13:05:00
R4,R4_S61,13.083755211176994,80.28554480189734,2025-07-24 13:03:00
R4,R4_S62,13.069588214724691,80.27213016981497,2025-07-24 13:09:00
R4,R4_S63,13.088912336317728,80.29054695175589,2025-07-24 13:23:00
R4,R4_S64,13.083410173028367,80.27193930517745,2025-07-24 13:23:00
R4,R4_S65,13.084779955628647,80.28216756288666,2025-07-24 13:29:00
R4,R4_S66,13.085778743934835,80.26163830569877,2025-07-24 13:39:00
R4,R4_S67,13.085813675921841,80.26964495660425,2025-07-24 13:39:00
R4,R4_S68,13.074566975446396,80.25674630724873,2025-07-24 13:43:00
R4,R4_S69,13.078549694448483,80.28074617911365,2025-07-24 13:49:00
R4,R4_S70,13.094462927557213,80.26250304512985,2025-07-24 13:55:00
R4,R4_S71,13.089134787530387,80.26889950663532,2025-07-24 13:55:00
R4,R4_S72,13.068846323941452,80.27412520336986,2025-07-24 14:07:00
R4,R4_S73,13.078397124099586,80.26708711443318,2025-07-24 14:05:00
R4,R4_S74,13.074097510588281,80.28242697440135,2025-07-24 14:11:00
R4,R4_S75,13.092998323546915,80.28476816837008,2025-07-24 14:22:00
R4,R4_S76,13.076141780438947,80.27221341622952,2025-07-24 14:19:00
R4,R4_S77,13.086253299410886,80.26906358343422,2025-07-24 14:24:00
R4,R4_S78,13.08435744493453,80.2771815803874,2025-07-24 14:32:00
R4,R4_S79,13.078262193252638,80.27978700449263,2025-07-24 14:39:00
R4,R4_S80,13.085993416997063,80.26594018858415,2025-07-24 14:39:00
R4,R4_S81,13.10007091541552,80.2689981113598,2025-07-24 14:47:00
R4,R4_S82,13.090180029037086,80.27755308969152,2025-07-24 14:47:00
R4,R4_S83,13.08761902061415,80.26167795611059,2025-07-24 15:03:00
R4,R4_S84,13.074336520838454,80.27536009808342,2025-07-24 15:02:00
R4,R4_S85,13.076253191024637,80.27022075753486,2025-07-24 15:05:00
R4,R4_S86,13.088724015980352,80.27820884048214,2025-07-24 15:07:00
R4,R4_S87,13.077593035492646,80.25873406538246,2025-07-24 15:16:00
R4,R4_S88,13.060437976353906,80.2790836834892,2025-07-24 15:24:00
R4,R4_S89,13.08742584078725,80.26423101502391,2025-07-24 15:34:00
R4,R4_S90,13.092246008121698,80.2650459689562,2025-07-24 15:34:00
R4,R4_S91,13.086149407151643,80.28873251997184,2025-07-24 15:32:00
R4,R4_S92,13.06224162247418,80.26851655959923,2025-07-24 15:47:00
R4,R4_S93,13.088899001612722,80.28677161961322,2025-07-24 15:47:00
R4,R4_S94,13.08172555997774,80.27017366107071,2025-07-24 15:51:00
R4,R4_S95,13.076340432618872,80.26346102358185,2025-07-24 16:00:00
R4,R4_S96,13.08600483844624,80.2798068397153,2025-07-24 16:04:00
R4,R4_S97,13.07667044576825,80.2537673295766,2025-07-24 16:11:00
R4,R4_S98,13.079132619218571,80.26778370130583,2025-07-24 16:15:00
R4,R4_S99,13.071590313242492,80.27855886400836,2025-07-24 16:17:00
R4,R4_S100,13.074093219326363,80.26137140274285,2025-07-24 16:24:00
R5,R5_S1,13.07573103579696,80.27132605204116,2025-07-24 08:13:00
R5,R5_S2,13.090580476537836,80.27116769237945,2025-07-24 08:15:00
R5,R5_S3,13.080950087074505,80.24878139244318,2025-07-24 08:24:00
R5,R5_S4,13.108703688931312,80.26379114339564,2025-07-24 08:17:00
R5,R5_S5,13.079927083739921,80.26451888639012,2025-07-24 08:31:00
R5,R5_S6,13.085694355375706,80.26870077056527,2025-07-24 08:35:00
R5,R5_S7,13.084216742497711,80.2849986311866,2025-07-24 08:38:00
R5,R5_S8,13.10100350009062,80.26857967746925,2025-07-24 08:48:00
R5,R5_S9,13.08730983734199,80.27501821654195,2025-07-24 08:54:00
R5,R5_S10,13.092057344513762,80.26466150392045,2025-07-24 08:48:00
R5,R5_S11,13.091474236360535,80.25973555846542,2025-07-24 08:56:00
R5,R5_S12,13.080457440644631,80.26090505661145,2025-07-24 09:06:00
R5,R5_S13,13.095826883518907,80.26151076532602,2025-07-24 09:11:00
R5,R5_S14,13.094668475099645,80.25411910330595,2025-07-24 09:18:00
R5,R5_S15,13.087426239106138,80.26163764861272,2025-07-24 09:14:00
R5,R5_S16,13.07122950793615,80.2715774802005,2025-07-24 09:19:00
R5,R5_S17,13.075138713275619,80.26947536873901,2025-07-24 09:22:00
R5,R5_S18,13.082001563543654,80.25551438269443,2025-07-24 09:30:00
R5,R5_S19,13.071764214000478,80.27922092152703,2025-07-24 09:43:00
R5,R5_S20,13.0792719685244,80.256035418454,2025-07-24 09:45:00
R5,R5_S21,13.062671263080492,80.26493937751697,2025-07-24 09:50:00
R5,R5_S22,13.0833143728627,80.27033106000323,2025-07-24 09:58:00
R5,R5_S23,13.071334919030955,80.26933045022939,2025-07-24 09:55:00
R5,R5_S24,13.086250173158465,80.24904253216219,2025-07-24 10:07:00
R5,R5_S25,13.092174133436254,80.26013842556394,2025-07-24 10:05:00
R5,R5_S26,13.097874320521049,80.29147497026887,2025-07-24 10:19:00
R5,R5_S27,13.07824777813553,80.26923389093086,2025-07-24 10:21:00
R5,R5_S28,13.06658583160323,80.26052345828269,2025-07-24 10:26:00
R5,R5_S29,13.082005235831193,80.27389374700135,2025-07-24 10:33:00
R5,R5_S30,13.073004236597729,80.2719798387886,2025-07-24 10:27:00
R5,R5_S31,13.065797313472917,80.25957526840567,2025-07-24 10:32:00
R5,R5_S32,13.070676125716826,80.2714425186141,2025-07-24 10:39:00
R5,R5_S33,13.070804525100638,80.26110086443278,2025-07-24 10:53:00
R5,R5_S34,13.08470158108738,80.28211905906747,2025-07-24 10:59:00
R5,R5_S35,13.100910539174754,80.26122014986227,2025-07-24 10:52:00
R5,R5_S36,13.074744484968026,80.28067208619903,2025-07-24 10:59:00
R5,R5_S37,13.07819071093361,80.25737397335008,2025-07-24 11:05:00
R5,R5_S38,13.098749796705643,80.28422116880635,2025-07-24 11:12:00
R5,R5_S39,13.086049632336286,80.26644032205029,2025-07-24 11:15:00
R5,R5_S40,13.076555191417492,80.27035530731074,2025-07-24 11:20:00
R5,R5_S41,13.083804677502096,80.28031622456496,2025-07-24 11:22:00
R5,R5_S42,13.065293352526128,80.29025131290621,2025-07-24 11:29:00
R5,R5_S43,13.093205674090045,80.27321794321617,2025-07-24 11:34:00
R5,R5_S44,13.097768549799204,80.2890437228031,2025-07-24 11:45:00
R5,R5_S45,13.068071264772728,80.27925119927964,2025-07-24 11:44:00
R5,R5_S46,13.089291467999338,80.24149084984808,2025-07-24 11:48:00
R5,R5_S47,13.103222596768928,80.26938701165804,2025-07-24 12:01:00
R5,R5_S48,13.09643108684139,80.28479634570955,2025-07-24 11:59:00
R5,R5_S49,13.09295634624061,80.27634703248809,2025-07-24 12:02:00
R5,R5_S50,13.083886595601104,80.27246550599757,2025-07-24 12:13:00
R5,R5_S51,13.072857320066289,80.26882716301621,2025-07-24 12:17:00
R5,R5_S52,13.088499976532084,80.25402205743691,2025-07-24 12:18:00
R5,R5_S53,13.08646968431394,80.27701149549931,2025-07-24 12:23:00
R5,R5_S54,13.080088326432726,80.26284084573032,2025-07-24 12:33:00
R5,R5_S55,13.066304715751809,80.26242676910431,2025-07-24 12:37:00
R5,R5_S56,13.080690269617103,80.24942211796109,2025-07-24 12:41:00
R5,R5_S57,13.09811044318234,80.26506483863864,2025-07-24 12:51:00
R5,R5_S58,13.100914771230384,80.28259782734376,2025-07-24 12:48:00
R5,R5_S59,13.091370307972447,80.27766419953792,2025-07-24 12:55:00
R5,R5_S60,13.086598585359598,80.26384128783805,2025-07-24 12:58:00
R5,R5_S61,13.085426196838478,80.26124045763164,2025-07-24 13:07:00
R5,R5_S62,13.08024615109954,80.27138477662288,2025-07-24 13:19:00
R5,R5_S63,13.084756657504695,80.26123028977206,2025-07-24 13:13:00
R5,R5_S64,13.080877793510577,80.28090576997597,2025-07-24 13:28:00
R5,R5_S65,13.07528627909182,80.27356241743465,2025-07-24 13:33:00
R5,R5_S66,13.097892878845592,80.28119828474424,2025-07-24 13:27:00
R5,R5_S67,13.076514967338495,80.2669201776163,2025-07-24 13:40:00
R5,R5_S68,13.084294919611448,80.26799294661303,2025-07-24 13:41:00
R5,R5_S69,13.058374823741456,80.27151000190125,2025-07-24 13:43:00
R5,R5_S70,13.095626913001528,80.27568206343241,2025-07-24 13:50:00
R5,R5_S71,13.07836278787871,80.27762904658042,2025-07-24 13:59:00
R5,R5_S72,13.094867120576332,80.27626690408647,2025-07-24 14:00:00
R5,R5_S73,13.072813957294388,80.2835970207974,2025-07-24 14:09:00
R5,R5_S74,13.108374122324717,80.26129361396964,2025-07-24 14:12:00
R5,R5_S75,13.063736199743438,80.27075636846546,2025-07-24 14:17:00
R5,R5_S76,13.0851239044525,80.27124778857672,2025-07-24 14:20:00
R5,R5_S77,13.082529862095468,80.26861821082309,2025-07-24 14:27:00
R5,R5_S78,13.079144188489838,80.28563247598733,2025-07-24 14:38:00
R5,R5_S79,13.081303902202242,80.27188011812177,2025-07-24 14:41:00
R5,R5_S80,13.090758254507316,80.26027278583499,2025-07-24 14:41:00
R5,R5_S81,13.084520950076737,80.27145283021648,2025-07-24 14:50:00
R5,R5_S82,13.073668553512011,80.26418754442749,2025-07-24 14:48:00
R5,R5_S83,13.098719785251673,80.2695832392045,2025-07-24 15:01:00
R5,R5_S84,13.104804365716479,80.27701134599211,2025-07-24 15:02:00
R5,R5_S85,13.069723155967951,80.26421867082286,2025-07-24 15:11:00
R5,R5_S86,13.078999382879699,80.2794080557521,2025-07-24 15:18:00
R5,R5_S87,13.093777226307228,80.27629189920289,2025-07-24 15:17:00
R5,R5_S88,13.092253497642638,80.27009224775583,2025-07-24 15:17:00
R5,R5_S89,13.08096269533162,80.27771081363242,2025-07-24 15:23:00
R5,R5_S90,13.08220809299177,80.25466143224578,2025-07-24 15:32:00
R5,R5_S91,13.071913203650805,80.27105984557147,2025-07-24 15:37:00
R5,R5_S92,13.0680311840552,80.26862202997742,2025-07-24 15:42:00
R5,R5_S93,13.08296864063164,80.2624610679094,2025-07-24 15:52:00
R5,R5_S94,13.082755838048367,80.27240107568248,2025-07-24 15:49:00
R5,R5_S95,13.07817857783608,80.26573352130086,2025-07-24 16:04:00
R5,R5_S96,13.086317385152887,80.27137935005902,2025-07-24 16:04:00
R5,R5_S97,13.07516829712388,80.2796334795516,2025-07-24 16:02:00
R5,R5_S98,13.08501520794065,80.26023092911178,2025-07-24 16:15:00
R5,R5_S99,13.088229008402854,80.27404856254883,2025-07-24 16:22:00
R5,R5_S100,13.082695692802984,80.25822805941091,2025-07-24 16:27:00
R6,R6_S1,13.081706338359961,80.26617319477857,2025-07-24 08:10:00
R6,R6_S2,13.079726475859404,80.27885066944924,2025-07-24 08:09:00
R6,R6_S3,13.095029490093777,80.26570327803246,2025-07-24 08:13:00
R6,R6_S4,13.063492737238853,80.28754780341333,2025-07-24 08:17:00
R6,R6_S5,13.083298791049986,80.27078924952504,2025-07-24 08:24:00
R6,R6_S6,13.064273815857353,80.26325688236234,2025-07-24 08:33:00
R6,R6_S7,13.080681246971853,80.28142765604949,2025-07-24 08:33:00
R6,R6_S8,13.086239559341731,80.25641868124444,2025-07-24 08:43:00
R6,R6_S9,13.082216040365713,80.26660314889766,2025-07-24 08:44:00
R6,R6_S10,13.057094599985463,80.27309377622292,2025-07-24 08:59:00
R6,R6_S11,13.092752854708008,80.27766546278102,2025-07-24 08:53:00
R6,R6_S12,13.083221833950935,80.27955867912235,2025-07-24 09:01:00
R6,R6_S13,13.094652647010243,80.24948213735411,2025-07-24 09:13:00
R6,R6_S14,13.074855673269523,80.26995569904601,2025-07-24 09:09:00
R6,R6_S15,13.077573987105833,80.2623802568649,2025-07-24 09:20:00
R6,R6_S16,13.079120396024909,80.28083795133284,2025-07-24 09:25:00
R6,R6_S17,13.073801993596666,80.26064068724077,2025-07-24 09:27:00
R6,R6_S18,13.069186564183978,80.26762672352135,2025-07-24 09:34:00
R6,R6_S19,13.078517905454996,80.27336886548726,2025-07-24 09:42:00
R6,R6_S20,13.08480785173491,80.25181246584366,2025-07-24 09:42:00
R6,R6_S21,13.090256448543085,80.2546711363551,2025-07-24 09:46:00
R6,R6_S22,13.0964196698085,80.27435694804653,2025-07-24 09:47:00
R6,R6_S23,13.094335493440804,80.28058111371229,2025-07-24 09:58:00
R6,R6_S24,13.081292577612501,80.26890736917967,2025-07-24 10:01:00
R6,R6_S25,13.087552785172356,80.28016385746848,2025-07-24 10:08:00
R6,R6_S26,13.065186972996967,80.27224490627053,2025-07-24 10:10:00
R6,R6_S27,13.078242456776678,80.26962697828061,2025-07-24 10:22:00
R6,R6_S28,13.103812728135804,80.2727268795825,2025-07-24 10:21:00
R6,R6_S29,13.10065428828565,80.27136838804029,2025-07-24 10:24:00
R6,R6_S30,13.085625768880881,80.27449284744826,2025-07-24 10:28:00
R6,R6_S31,13.085816348457648,80.27957067320534,2025-07-24 10:39:00
R6,R6_S32,13.082307755605399,80.27122230233284,2025-07-24 10:37:00
R6,R6_S33,13.063908276162836,80.27343385782898,2025-07-24 10:42:00
R6,R6_S34,13.081842169335605,80.27867765935817,2025-07-24 10:54:00
R6,R6_S35,13.077476798456319,80.27936236539205,2025-07-24 10:56:00
R6,R6_S36,13.085048363590081,80.27114996986512,2025-07-24 11:03:00
R6,R6_S37,13.078688848380986,80.25769980364576,2025-07-24 11:14:00
R6,R6_S38,13.08734964504144,80.26897672968217,2025-07-24 11:08:00
R6,R6_S39,13.09719322244358,80.26626791294524,2025-07-24 11:22:00
R6,R6_S40,13.075119166662136,80.27352265138781,2025-07-24 11:19:00
R6,R6_S41,13.073688669198146,80.26072977061622,2025-07-24 11:32:00
R6,R6_S42,13.072606599174122,80.27352108686806,2025-07-24 11:29:00
R6,R6_S43,13.09887573711736,80.2841912440813,2025-07-24 11:37:00
R6,R6_S44,13.0724922134044,80.2617964671007,2025-07-24 11:37:00
R6,R6_S45,13.080065087114093,80.2611372865243,2025-07-24 11:44:00
R6,R6_S46,13.082215213546625,80.27419265835115,2025-07-24 11:55:00
R6,R6_S47,13.08474177666288,80.26552830600953,2025-07-24 12:00:00
R6,R6_S48,13.089544927777013,80.26974401259903,2025-07-24 12:06:00
R6,R6_S49,13.074360996621017,80.27978154306982,2025-07-24 12:12:00
R6,R6_S50,13.074372629617468,80.2694803817343,2025-07-24 12:18:00
R6,R6_S51,13.082488959714818,80.27425372164586,2025-07-24 12:14:00
R6,R6_S52,13.098903576346949,80.28520424859217,2025-07-24 12:20:00
R6,R6_S53,13.087598261481908,80.2575378208173,2025-07-24 12:31:00
R6,R6_S54,13.097177951142308,80.28591053905451,2025-07-24 12:28:00
R6,R6_S55,13.087772806370946,80.27616270512756,2025-07-24 12:34:00
R6,R6_S56,13.097024540816882,80.27922533222768,2025-07-24 12:39:00
R6,R6_S57,13.079361558272868,80.28481217360351,2025-07-24 12:48:00
R6,R6_S58,13.075143958269255,80.25761111647358,2025-07-24 12:54:00
R6,R6_S59,13.078826191392174,80.28522053815335,2025-07-24 12:57:00
R6,R6_S60,13.06708465950963,80.25052893948578,2025-07-24 13:08:00
R6,R6_S61,13.083192437424088,80.24502452287146,2025-07-24 13:14:00
R6,R6_S62,13.082940046459331,80.25081354066397,2025-07-24 13:10:00
R6,R6_S63,13.07662778055848,80.26152356745594,2025-07-24 13:16:00
R6,R6_S64,13.088262762570315,80.26047631224556,2025-07-24 13:20:00
R6,R6_S65,13.09816372953012,80.26632310089857,2025-07-24 13:30:00
R6,R6_S66,13.06967112239964,80.25802268522995,2025-07-24 13:33:00
R6,R6_S67,13.089426086553162,80.26628078856707,2025-07-24 13:32:00
R6,R6_S68,13.090841240976376,80.26865011598635,2025-07-24 13:39:00
R6,R6_S69,13.086066932855145,80.24935182491319,2025-07-24 13:53:00
R6,R6_S70,13.08895748846935,80.27563761749684,2025-07-24 13:59:00
R6,R6_S71,13.0587166784061,80.2615206847044,2025-07-24 13:58:00
R6,R6_S72,13.098747016304058,80.26715523812749,2025-07-24 14:08:00
R6,R6_S73,13.069533246380788,80.26999083619933,2025-07-24 14:13:00
R6,R6_S74,13.072301116154064,80.27177406475914,2025-07-24 14:13:00
R6,R6_S75,13.080502145604267,80.2640722458738,2025-07-24 14:23:00
R6,R6_S76,13.086783313709768,80.27057917812012,2025-07-24 14:17:00
R6,R6_S77,13.100541359021841,80.27513077085983,2025-07-24 14:23:00
R6,R6_S78,13.087643066656517,80.25117221303047,2025-07-24 14:39:00
R6,R6_S79,13.082176122662515,80.29073880198271,2025-07-24 14:39:00
R6,R6_S80,13.073600297168754,80.27697674184829,2025-07-24 14:43:00
R6,R6_S81,13.088492021322853,80.28490738308116,2025-07-24 14:44:00
R6,R6_S82,13.101889886756549,80.28112300215562,2025-07-24 14:55:00
R6,R6_S83,13.091629336709257,80.28305924656512,2025-07-24 14:57:00
R6,R6_S84,13.083265262703637,80.2823100115367,2025-07-24 15:09:00
R6,R6_S85,13.08594715389463,80.26874727596046,2025-07-24 15:06:00
R6,R6_S86,13.098937678653694,80.25987744850049,2025-07-24 15:14:00
R6,R6_S87,13.077833076008774,80.27232093447529,2025-07-24 15:15:00
R6,R6_S88,13.070666983023294,80.26234191457858,2025-07-24 15:27:00
R6,R6_S89,13.073396441249129,80.28514087647238,2025-07-24 15:32:00
R6,R6_S90,13.081183796716658,80.27751724383698,2025-07-24 15:35:00
R6,R6_S91,13.08678193675623,80.28624474064516,2025-07-24 15:44:00
R6,R6_S92,13.096752287174626,80.25848548894177,2025-07-24 15:47:00
R6,R6_S93,13.078566135333856,80.26636825512128,2025-07-24 15:42:00
R6,R6_S94,13.09056171877611,80.25567997785964,2025-07-24 15:56:00
R6,R6_S95,13.101253852129629,80.28058217555645,2025-07-24 16:04:00
R6,R6_S96,13.07339408996088,80.28610728324308,2025-07-24 16:09:00
R6,R6_S97,13.079010537348049,80.25754660698202,2025-07-24 16:02:00
R6,R6_S98,13.070478842283729,80.2710305025812,2025-07-24 16:07:00
R6,R6_S99,13.092064365272682,80.25966166358737,2025-07-24 16:24:00
R6,R6_S100,13.071541282162006,80.26080095357301,2025-07-24 16:29:00
R7,R7_S1,13.092937443499586,80.27697496317317,2025-07-24 08:08:00
R7,R7_S2,13.07274568047861,80.28498096217905,2025-07-24 08:12:00
R7,R7_S3,13.086291844672438,80.25478852407029,2025-07-24 08:17:00
R7,R7_S4,13.07084840188612,80.26757814934008,2025-07-24 08:23:00
R7,R7_S5,13.077301216319107,80.27727164777895,2025-07-24 08:32:00
R7,R7_S6,13.089251203671294,80.27658060746646,2025-07-24 08:30:00
R7,R7_S7,13.08055558981396,80.269803170548,2025-07-24 08:37:00
R7,R7_S8,13.097120443780323,80.27901754789093,2025-07-24 08:41:00
R7,R7_S9,13.085337973789514,80.28117478778414,2025-07-24 08:44:00
R7,R7_S10,13.099033699474097,80.26522537266462,2025-07-24 08:49:00
R7,R7_S11,13.080945895251352,80.27877581237388,2025-07-24 09:02:00
R7,R7_S12,13.05866942407466,80.25710359845903,2025-07-24 09:06:00
R7,R7_S13,13.089551954933464,80.28602063623818,2025-07-24 09:03:00
R7,R7_S14,13.091562826990144,80.26730406646163,2025-07-24 09:17:00
R7,R7_S15,13.092072146121545,80.28362945331995,2025-07-24 09:18:00
R7,R7_S16,13.07024229387537,80.27625488154457,2025-07-24 09:17:00
R7,R7_S17,13.080902782609002,80.27497735432145,2025-07-24 09:33:00
R7,R7_S18,13.102002658054431,80.26678601461072,2025-07-24 09:36:00
R7,R7_S19,13.070013444150508,80.26811337078777,2025-07-24 09:35:00
R7,R7_S20,13.084608821274422,80.26686000471332,2025-07-24 09:40:00
R7,R7_S21,13.082155549327945,80.26542512316952,2025-07-24 09:45:00
R7,R7_S22,13.090842529230308,80.26248378662966,2025-07-24 09:57:00
R7,R7_S23,13.080139752624103,80.27381479544592,2025-07-24 10:00:00
R7,R7_S24,13.085198039815678,80.27935818103828,2025-07-24 10:01:00
R7,R7_S25,13.081218857037403,80.2661621624683,2025-07-24 10:14:00
R7,R7_S26,13.080464631528082,80.26168559823573,2025-07-24 10:12:00
R7,R7_S27,13.09460845488267,80.24484206440292,2025-07-24 10:19:00
R7,R7_S28,13.076858554258914,80.28060123139797,2025-07-24 10:20:00
R7,R7_S29,13.088237296836212,80.26419907116008,2025-07-24 10:29:00
R7,R7_S30,13.064871032471144,80.26948114519159,2025-07-24 10:31:00
R7,R7_S31,13.09674032084627,80.26841498747757,2025-07-24 10:43:00
R7,R7_S32,13.081664757779814,80.25210448060834,2025-07-24 10:46:00
R7,R7_S33,13.071383236618036,80.24912159536568,2025-07-24 10:44:00
R7,R7_S34,13.084456160895767,80.25995720872838,2025-07-24 10:59:00
R7,R7_S35,13.08342284720976,80.28767905115319,2025-07-24 10:58:00
R7,R7_S36,13.085126150123745,80.26736825479786,2025-07-24 11:07:00
R7,R7_S37,13.078046338763361,80.27289434226621,2025-07-24 11:10:00
R7,R7_S38,13.094070137243424,80.27100156709429,2025-07-24 11:14:00
R7,R7_S39,13.097686119824946,80.2579249019597,2025-07-24 11:23:00
R7,R7_S40,13.082452066967216,80.26824811826577,2025-07-24 11:22:00
R7,R7_S41,13.094474012679598,80.29036249632082,2025-07-24 11:27:00
R7,R7_S42,13.094161672632309,80.26533751172968,2025-07-24 11:27:00
R7,R7_S43,13.09037553401719,80.28925063978902,2025-07-24 11:37:00
R7,R7_S44,13.088820176448406,80.28448863163771,2025-07-24 11:40:00
R7,R7_S45,13.074239895511111,80.27469924930487,2025-07-24 11:42:00
R7,R7_S46,13.073403727548296,80.26304638722492,2025-07-24 11:57:00
R7,R7_S47,13.091493644890338,80.28129541190147,2025-07-24 11:52:00
R7,R7_S48,13.087758893849852,80.27151490893176,2025-07-24 11:58:00
R7,R7_S49,13.079116383711005,80.25982145590443,2025-07-24 12:10:00
R7,R7_S50,13.098348742067651,80.26801403186997,2025-07-24 12:07:00
R7,R7_S51,13.074497754001705,80.27558631221662,2025-07-24 12:24:00
R7,R7_S52,13.084377191923968,80.261218808623,2025-07-24 12:17:00
R7,R7_S53,13.070262125237173,80.2746831306705,2025-07-24 12:22:00
R7,R7_S54,13.08568821285765,80.25664160427479,2025-07-24 12:34:00
R7,R7_S55,13.077833936773258,80.26917562965778,2025-07-24 12:34:00
R7,R7_S56,13.064732215649249,80.26312997226799,2025-07-24 12:44:00
R7,R7_S57,13.083115827626344,80.27383258151733,2025-07-24 12:47:00
R7,R7_S58,13.091596143191877,80.25831082829875,2025-07-24 12:52:00
R7,R7_S59,13.074064388337113,80.26192850567148,2025-07-24 12:58:00
R7,R7_S60,13.095894603205902,80.26722514277944,2025-07-24 13:04:00
R7,R7_S61,13.067301728885326,80.26630879356017,2025-07-24 13:13:00
R7,R7_S62,13.076920260614187,80.25945144442025,2025-07-24 13:19:00
R7,R7_S63,13.083365198338178,80.23915816704728,2025-07-24 13:21:00
R7,R7_S64,13.084546962154539,80.27739233203695,2025-07-24 13:24:00
R7,R7_S65,13.088996305855757,80.27657271802663,2025-07-24 13:31:00
R7,R7_S66,13.091241871854184,80.27442561697544,2025-07-24 13:30:00
R7,R7_S67,13.093231687310302,80.25902847515265,2025-07-24 13:34:00
R7,R7_S68,13.074568244169638,80.25356480412268,2025-07-24 13:42:00
R7,R7_S69,13.086309077430892,80.2713491299658,2025-07-24 13:50:00
R7,R7_S70,13.093077333899403,80.27091122193525,2025-07-24 13:50:00
R7,R7_S71,13.073642940358056,80.27366160011596,2025-07-24 13:54:00
R7,R7_S72,13.097439622020593,80.24949324431621,2025-07-24 14:06:00
R7,R7_S73,13.072914356808514,80.29541888507617,2025-07-24 14:13:00
R7,R7_S74,13.093021636824215,80.27355829953441,2025-07-24 14:19:00
R7,R7_S75,13.065190718186328,80.27697310033098,2025-07-24 14:13:00
R7,R7_S76,13.079120497790319,80.2882413950043,2025-07-24 14:17:00
R7,R7_S77,13.0871329654112,80.2631632646381,2025-07-24 14:27:00
R7,R7_S78,13.062210464750184,80.26689539764006,2025-07-24 14:27:00
R7,R7_S79,13.070416354021344,80.27371388211216,2025-07-24 14:44:00
R7,R7_S80,13.07938867316565,80.27575424663702,2025-07-24 14:42:00
R7,R7_S81,13.089335380961879,80.2770225820603,2025-07-24 14:53:00
R7,R7_S82,13.086033879835549,80.28975790671956,2025-07-24 14:50:00
R7,R7_S83,13.088811193078072,80.25937841027839,2025-07-24 15:00:00
R7,R7_S84,13.078311775426139,80.27219802643027,2025-07-24 14:59:00
R7,R7_S85,13.093755932358292,80.283066421479,2025-07-24 15:11:00
R7,R7_S86,13.085171651566677,80.27635601151559,2025-07-24 15:17:00
R7,R7_S87,13.082267350545342,80.27764120760638,2025-07-24 15:16:00
R7,R7_S88,13.080667674317333,80.2635565393119,2025-07-24 15:28:00
R7,R7_S89,13.083149606929558,80.25580815939469,2025-07-24 15:29:00
R7,R7_S90,13.10047459483372,80.27157673906297,2025-07-24 15:35:00
R7,R7_S91,13.07746085900043,80.26797853199685,2025-07-24 15:36:00
R7,R7_S92,13.098665207319078,80.26594783121436,2025-07-24 15:41:00
R7,R7_S93,13.078735360725744,80.26962102661209,2025-07-24 15:51:00
R7,R7_S94,13.080183013246963,80.28303329583444,2025-07-24 15:50:00
R7,R7_S95,13.087330291680574,80.26842224234689,2025-07-24 16:02:00
R7,R7_S96,13.0990843475048,80.26259966123902,2025-07-24 16:02:00
R7,R7_S97,13.073469667294546,80.26749887052074,2025-07-24 16:14:00
R7,R7_S98,13.098465206473433,80.28176752291708,2025-07-24 16:15:00
R7,R7_S99,13.08158712397219,80.28018539064321,2025-07-24 16:20:00
R7,R7_S100,13.08091786697,80.26683907175469,2025-07-24 16:26:00
R8,R8_S1,13.081806015806633,80.26479749211151,2025-07-24 08:03:00
R8,R8_S2,13.081229739221426,80.26917951178659,2025-07-24 08:08:00
R8,R8_S3,13.079396671905862,80.2794148338421,2025-07-24 08:16:00
R8,R8_S4,13.076609564477964,80.28010146624295,2025-07-24 08:28:00
R8,R8_S5,13.084410015819303,80.27029726670204,2025-07-24 08:32:00
R8,R8_S6,13.098382285719238,80.27370501012703,2025-07-24 08:34:00
R8,R8_S7,13.08039481218865,80.26178537863028,2025-07-24 08:32:00
R8,R8_S8,13.087071154947093,80.26460248568836,2025-07-24 08:48:00
R8,R8_S9,13.073836965782627,80.25971903345373,2025-07-24 08:45:00
R8,R8_S10,13.052591573985941,80.26532050361833,2025-07-24 08:50:00
R8,R8_S11,13.08583011557423,80.2595536266219,2025-07-24 08:55:00
R8,R8_S12,13.098512080029066,80.27238018742777,2025-07-24 08:58:00
R8,R8_S13,13.098903151702304,80.26096719244235,2025-07-24 09:14:00
R8,R8_S14,13.069025004276636,80.25799205710187,2025-07-24 09:09:00
R8,R8_S15,13.06900746055232,80.2662016066196,2025-07-24 09:20:00
R8,R8_S16,13.073288162567948,80.2714288095697,2025-07-24 09:27:00
R8,R8_S17,13.096337589592759,80.259076966979,2025-07-24 09:31:00
R8,R8_S18,13.086399847841177,80.24046650121679,2025-07-24 09:31:00
R8,R8_S19,13.080884785910245,80.27720557991887,2025-07-24 09:35:00
R8,R8_S20,13.1038523613555,80.26326954289404,2025-07-24 09:43:00
R8,R8_S21,13.084774045224101,80.27623331445517,2025-07-24 09:45:00
R8,R8_S22,13.088059880013219,80.29333020010726,2025-07-24 09:57:00
R8,R8_S23,13.089920810267094,80.26306140858142,2025-07-24 10:03:00
R8,R8_S24,13.082003153921693,80.26778815696291,2025-07-24 09:57:00
R8,R8_S25,13.096689112463629,80.27666415565994,2025-07-24 10:05:00
R8,R8_S26,13.074534173198835,80.27581707825983,2025-07-24 10:15:00
R8,R8_S27,13.079346731472725,80.27015251437125,2025-07-24 10:15:00
R8,R8_S28,13.099188231514667,80.27066787204146,2025-07-24 10:22:00
R8,R8_S29,13.092959150206733,80.25908868885749,2025-07-24 10:34:00
R8,R8_S30,13.083345407581216,80.26888996579044,2025-07-24 10:34:00
R8,R8_S31,13.087916185509776,80.26802535800809,2025-07-24 10:35:00
R8,R8_S32,13.067152333150151,80.28054372586979,2025-07-24 10:42:00
R8,R8_S33,13.075076051253564,80.26501412776922,2025-07-24 10:48:00
R8,R8_S34,13.092380320592977,80.25895277955738,2025-07-24 10:58:00
R8,R8_S35,13.079949582700856,80.27865436466682,2025-07-24 11:02:00
R8,R8_S36,13.097673932543668,80.2644071712086,2025-07-24 10:57:00
R8,R8_S37,13.071301412289387,80.27340464162978,2025-07-24 11:10:00
R8,R8_S38,13.097850852659716,80.25742140790739,2025-07-24 11:18:00
R8,R8_S39,13.083453836291046,80.2735386073013,2025-07-24 11:14:00
R8,R8_S40,13.081535165590354,80.27847690889577,2025-07-24 11:17:00
R8,R8_S41,13.098310579761488,80.26238224574294,2025-07-24 11:24:00
R8,R8_S42,13.095392336857678,80.2633961610076,2025-07-24 11:30:00
R8,R8_S43,13.093057127277271,80.27998062375482,2025-07-24 11:37:00
R8,R8_S44,13.085003540917832,80.26971681707789,2025-07-24 11:48:00
R8,R8_S45,13.103199007728678,80.26096885110624,2025-07-24 11:45:00
R8,R8_S46,13.094108484849986,80.2964849373742,2025-07-24 11:59:00
R8,R8_S47,13.07534745780971,80.27383124432147,2025-07-24 12:02:00
R8,R8_S48,13.093736369592245,80.27486240581317,2025-07-24 12:02:00
R8,R8_S49,13.075159234400386,80.2601449048152,2025-07-24 12:09:00
R8,R8_S50,13.072674323452095,80.2728053640323,2025-07-24 12:18:00
R8,R8_S51,13.088734419930486,80.2695031878046,2025-07-24 12:17:00
R8,R8_S52,13.087778137542188,80.2736522363654,2025-07-24 12:28:00
R8,R8_S53,13.08479220645215,80.26125011002672,2025-07-24 12:27:00
R8,R8_S54,13.073659838121367,80.27006453662547,2025-07-24 12:30:00
R8,R8_S55,13.073208829110083,80.26926618815935,2025-07-24 12:41:00
R8,R8_S56,13.095568930041999,80.28457999109857,2025-07-24 12:43:00
R8,R8_S57,13.09822021642025,80.26450645921221,2025-07-24 12:51:00
R8,R8_S58,13.105349089512849,80.26676755609257,2025-07-24 12:50:00
R8,R8_S59,13.074111666481732,80.26574138773206,2025-07-24 12:55:00
R8,R8_S60,13.1045631347087,80.28363247220676,2025-07-24 13:09:00
R8,R8_S61,13.076133095659682,80.2607547510389,2025-07-24 13:10:00
R8,R8_S62,13.066856062314496,80.26259608995616,2025-07-24 13:17:00
R8,R8_S63,13.09444889137395,80.25553238600115,2025-07-24 13:18:00
R8,R8_S64,13.069398490887167,80.27016677323358,2025-07-24 13:28:00
R8,R8_S65,13.087809776258757,80.27629875837076,2025-07-24 13:22:00
R8,R8_S66,13.074137688296698,80.25494657927689,2025-07-24 13:29:00
R8,R8_S67,13.109222141455167,80.27649011188734,2025-07-24 13:32:00
R8,R8_S68,13.085140789716611,80.26696055222183,2025-07-24 13:42:00
R8,R8_S69,13.0779422131143,80.2658371788045,2025-07-24 13:46:00
R8,R8_S70,13.081290045830139,80.25737116403535,2025-07-24 13:58:00
R8,R8_S71,13.087099872839453,80.2822241482376,2025-07-24 13:57:00
R8,R8_S72,13.058247217267969,80.25571895222895,2025-07-24 14:08:00
R8,R8_S73,13.083049722021846,80.26791497511813,2025-07-24 14:06:00
R8,R8_S74,13.066663716901305,80.2722577057798,2025-07-24 14:19:00
R8,R8_S75,13.072444832191184,80.2802556573624,2025-07-24 14:17:00
R8,R8_S76,13.054494282754195,80.2908534195201,2025-07-24 14:20:00
R8,R8_S77,13.080433430420397,80.27015027182304,2025-07-24 14:34:00
R8,R8_S78,13.074900817693177,80.26882791739501,2025-07-24 14:36:00
R8,R8_S79,13.078063123255058,80.26843258872779,2025-07-24 14:41:00
R8,R8_S80,13.091655537479987,80.28278446012266,2025-07-24 14:45:00
R8,R8_S81,13.078572864279561,80.26067934134788,2025-07-24 14:53:00
R8,R8_S82,13.095956928817907,80.26240947843637,2025-07-24 14:58:00
R8,R8_S83,13.074124212999576,80.26621274322423,2025-07-24 14:58:00
R8,R8_S84,13.06938243711715,80.26607890267871,2025-07-24 15:03:00
R8,R8_S85,13.079112030179944,80.26461519421589,2025-07-24 15:10:00
R8,R8_S86,13.093796042814846,80.27383136419998,2025-07-24 15:12:00
R8,R8_S87,13.083292225129366,80.28902907499224,2025-07-24 15:17:00
R8,R8_S88,13.088923225993181,80.2644872231544,2025-07-24 15:28:00
R8,R8_S89,13.074225122816557,80.28470812278708,2025-07-24 15:22:00
R8,R8_S90,13.07823000622837,80.29301223977913,2025-07-24 15:38:00
R8,R8_S91,13.072461569931377,80.2858177836846,2025-07-24 15:38:00
R8,R8_S92,13.057572046348154,80.26375344505747,2025-07-24 15:43:00
R8,R8_S93,13.089516668950129,80.25748138815767,2025-07-24 15:53:00
R8,R8_S94,13.089440440536785,80.26241561642959,2025-07-24 15:48:00
R8,R8_S95,13.08435192345437,80.26880860564461,2025-07-24 16:00:00
R8,R8_S96,13.089007325979376,80.2814221651059,2025-07-24 16:03:00
R8,R8_S97,13.08875670402881,80.2677170190667,2025-07-24 16:03:00
R8,R8_S98,13.064939765490019,80.27050027209117,2025-07-24 16:13:00
R8,R8_S99,13.07509493024492,80.27150099735302,2025-07-24 16:14:00
R8,R8_S100,13.083254808155164,80.27138283821152,2025-07-24 16:18:00
R9,R9_S1,13.092934082304781,80.2763839655987,2025-07-24 08:10:00
R9,R9_S2,13.069167434195386,80.27293127581649,2025-07-24 08:13:00
R9,R9_S3,13.07309236525445,80.25219295856458,2025-07-24 08:17:00
R9,R9_S4,13.073959886372359,80.2727942727795,2025-07-24 08:28:00
R9,R9_S5,13.066397535536751,80.28628621314023,2025-07-24 08:31:00
R9,R9_S6,13.106995620760836,80.25705199863901,2025-07-24 08:39:00
R9,R9_S7,13.07731677023709,80.26862400238664,2025-07-24 08:40:00
R9,R9_S8,13.079470998343393,80.25682737541061,2025-07-24 08:45:00
R9,R9_S9,13.073551894326235,80.28110463432459,2025-07-24 08:49:00
R9,R9_S10,13.066851730722238,80.25585870537775,2025-07-24 08:53:00
R9,R9_S11,13.087050761177526,80.26410780305062,2025-07-24 09:01:00
R9,R9_S12,13.07418015350789,80.28409262289748,2025-07-24 09:00:00
R9,R9_S13,13.072813968029875,80.27770754278585,2025-07-24 09:09:00
R9,R9_S14,13.088661401319651,80.27529379942405,2025-07-24 09:07:00
R9,R9_S15,13.094810118519352,80.28495215227271,2025-07-24 09:14:00
R9,R9_S16,13.074848652511568,80.25977227527424,2025-07-24 09:29:00
R9,R9_S17,13.077381666151702,80.27507388960353,2025-07-24 09:34:00
R9,R9_S18,13.077617035302602,80.26989974078973,2025-07-24 09:29:00
R9,R9_S19,13.077944908731448,80.26884680438637,2025-07-24 09:37:00
R9,R9_S20,13.095547346491593,80.27802796877423,2025-07-24 09:45:00
R9,R9_S21,13.083270115011226,80.27173318449353,2025-07-24 09:44:00
R9,R9_S22,13.082126310940678,80.27127849799136,2025-07-24 09:57:00
R9,R9_S23,13.0825891789863,80.26979714552499,2025-07-24 10:01:00
R9,R9_S24,13.069344610591914,80.27462253847735,2025-07-24 09:57:00
R9,R9_S25,13.095987266624697,80.27002232416875,2025-07-24 10:04:00
R9,R9_S26,13.086452187074741,80.281480053774,2025-07-24 10:07:00
R9,R9_S27,13.073337934089055,80.26736000334263,2025-07-24 10:13:00
R9,R9_S28,13.092435398738072,80.28438924675108,2025-07-24 10:29:00
R9,R9_S29,13.091642660988695,80.26310039238491,2025-07-24 10:25:00
R9,R9_S30,13.085504759091316,80.26977865466598,2025-07-24 10:35:00
R9,R9_S31,13.07849221661452,80.26700807844398,2025-07-24 10:44:00
R9,R9_S32,13.075381953545987,80.26699543351543,2025-07-24 10:41:00
R9,R9_S33,13.091017786082586,80.28594535063382,2025-07-24 10:46:00
R9,R9_S34,13.086594424778372,80.27879917227911,2025-07-24 10:53:00
R9,R9_S35,13.084439826926658,80.2855401160123,2025-07-24 10:58:00
R9,R9_S36,13.077168439507789,80.28015580147232,2025-07-24 11:06:00
R9,R9_S37,13.075874871771473,80.27608085885612,2025-07-24 11:02:00
R9,R9_S38,13.072259794656441,80.28171993314079,2025-07-24 11:17:00
R9,R9_S39,13.097149320301714,80.27832082587096,2025-07-24 11:13:00
R9,R9_S40,13.100280806103441,80.26794613156915,2025-07-24 11:17:00
R9,R9_S41,13.085795666930414,80.27046611820423,2025-07-24 11:29:00
R9,R9_S42,13.091556287529317,80.2645141818287,2025-07-24 11:28:00
R9,R9_S43,13.084162958347015,80.26455594267516,2025-07-24 11:34:00
R9,R9_S44,13.068630865572752,80.27218644669874,2025-07-24 11:48:00
R9,R9_S45,13.062312963207539,80.25832949199456,2025-07-24 11:43:00
R9,R9_S46,13.079264635464611,80.27915219867138,2025-07-24 11:54:00
R9,R9_S47,13.086044645958133,80.26315079117607,2025-07-24 11:56:00
R9,R9_S48,13.081139726783155,80.25821177158332,2025-07-24 12:07:00
R9,R9_S49,13.09775943380132,80.27049548087234,2025-07-24 12:03:00
R9,R9_S50,13.067597291769468,80.25485675146177,2025-07-24 12:09:00
R9,R9_S51,13.074612836401862,80.27663878908584,2025-07-24 12:17:00
R9,R9_S52,13.090767190724453,80.28250964481511,2025-07-24 12:22:00
R9,R9_S53,13.075685915306266,80.27651960416505,2025-07-24 12:32:00
R9,R9_S54,13.078474148410256,80.26827867997903,2025-07-24 12:35:00
R9,R9_S55,13.083069220476892,80.29082315574487,2025-07-24 12:37:00
R9,R9_S56,13.097044984740588,80.26356882002605,2025-07-24 12:43:00
R9,R9_S57,13.076524717637758,80.29192033449122,2025-07-24 12:51:00
R9,R9_S58,13.094316386702536,80.27498078388084,2025-07-24 12:50:00
R9,R9_S59,13.068978524265637,80.28281747076353,2025-07-24 12:55:00
R9,R9_S60,13.067460207576785,80.27378568733243,2025-07-24 13:06:00
R9,R9_S61,13.090670409538546,80.27427777582689,2025-07-24 13:12:00
R9,R9_S62,13.071613701839615,80.27455942145292,2025-07-24 13:10:00
R9,R9_S63,13.056513466455925,80.27452211538373,2025-07-24 13:21:00
R9,R9_S64,13.077649151427956,80.26977835703944,2025-07-24 13:22:00
R9,R9_S65,13.08506376506126,80.25519855921651,2025-07-24 13:29:00
R9,R9_S66,13.072559981767412,80.27003187810271,2025-07-24 13:31:00
R9,R9_S67,13.100487446414975,80.28769091014908,2025-07-24 13:33:00
R9,R9_S68,13.082708650403239,80.28081894358841,2025-07-24 13:40:00
R9,R9_S69,13.081563548750989,80.27600421401759,2025-07-24 13:45:00
R9,R9_S70,13.090667457726807,80.27293376656915,2025-07-24 13:49:00
R9,R9_S71,13.081339173618183,80.26284319699518,2025-07-24 13:52:00
R9,R9_S72,13.077639503691174,80.24144811049803,2025-07-24 13:57:00
R9,R9_S73,13.077795371384736,80.2522639652225,2025-07-24 14:02:00
R9,R9_S74,13.080162926956913,80.28142686735438,2025-07-24 14:14:00
R9,R9_S75,13.079249000871263,80.28106794904464,2025-07-24 14:21:00
R9,R9_S76,13.07200969384016,80.29705905174798,2025-07-24 14:23:00
R9,R9_S77,13.08501643261974,80.2859816045793,2025-07-24 14:31:00
R9,R9_S78,13.082013378764287,80.2667097004777,2025-07-24 14:36:00
R9,R9_S79,13.082775241283594,80.27612378109428,2025-07-24 14:43:00
R9,R9_S80,13.106485390918156,80.27875932510851,2025-07-24 14:41:00
R9,R9_S81,13.09040833648437,80.26004031949391,2025-07-24 14:45:00
R9,R9_S82,13.101526598632322,80.27106891655406,2025-07-24 14:49:00
R9,R9_S83,13.094845609679846,80.25659965727645,2025-07-24 15:02:00
R9,R9_S84,13.06728610271447,80.27961304382123,2025-07-24 14:59:00
R9,R9_S85,13.091331184691683,80.26686184473674,2025-07-24 15:12:00
R9,R9_S86,13.071670337921407,80.28067452065896,2025-07-24 15:11:00
R9,R9_S87,13.103960319031252,80.27579368683617,2025-07-24 15:16:00
R9,R9_S88,13.089922286254437,80.2759158667732,2025-07-24 15:29:00
R9,R9_S89,13.088919766830347,80.27003057214853,2025-07-24 15:33:00
R9,R9_S90,13.083989005369856,80.26228314082331,2025-07-24 15:27:00
R9,R9_S91,13.10245555578846,80.28250417486878,2025-07-24 15:37:00
R9,R9_S92,13.083711330451415,80.28017516021384,2025-07-24 15:49:00
R9,R9_S93,13.093613099803557,80.28828212094933,2025-07-24 15:49:00
R9,R9_S94,13.076630958463266,80.26712184384667,2025-07-24 15:54:00
R9,R9_S95,13.078315002545324,80.28402995374093,2025-07-24 15:53:00
R9,R9_S96,13.087686025119742,80.25348403627225,2025-07-24 16:04:00
R9,R9_S97,13.068316206484733,80.26320058337456,2025-07-24 16:14:00
R9,R9_S98,13.063565259957244,80.26785766984608,2025-07-24 16:14:00
R9,R9_S99,13.093488786079199,80.25818572393794,2025-07-24 16:20:00
R9,R9_S100,13.080939884002019,80.25461689635533,2025-07-24 16:25:00
R10,R10_S1,13.094308393318654,80.268701883725,2025-07-24 08:10:00
R10,R10_S2,13.072771001399966,80.27210767598585,2025-07-24 08:11:00
R10,R10_S3,13.080116830002748,80.26665346240134,2025-07-24 08:14:00
R10,R10_S4,13.098310516965403,80.28801683368214,2025-07-24 08:29:00
R10,R10_S5,13.080004291916651,80.27588841986423,2025-07-24 08:22:00
R10,R10_S6,13.099547604632852,80.27730505753038,2025-07-24 08:31:00
R10,R10_S7,13.072774097452294,80.26371351687224,2025-07-24 08:43:00
R10,R10_S8,13.092363151906499,80.27260020130399,2025-07-24 08:49:00
R10,R10_S9,13.071108552584814,80.26379192946793,2025-07-24 08:53:00
R10,R10_S10,13.086226045959416,80.27479944547119,2025-07-24 08:58:00
R10,R10_S11,13.085177336205362,80.2660087533546,2025-07-24 08:58:00
R10,R10_S12,13.098283946576249,80.27494934567514,2025-07-24 09:01:00
R10,R10_S13,13.087914694363866,80.26094746856224,2025-07-24 09:11:00
R10,R10_S14,13.101583730385574,80.2670620990677,2025-07-24 09:10:00
R10,R10_S15,13.08163087117286,80.28557415921996,2025-07-24 09:16:00
R10,R10_S16,13.082203061779074,80.27035625313478,2025-07-24 09:23:00
R10,R10_S17,13.079450191641763,80.2669456092147,2025-07-24 09:25:00
R10,R10_S18,13.085172163040827,80.27417293684832,2025-07-24 09:27:00
R10,R10_S19,13.08329144076174,80.26286799045438,2025-07-24 09:39:00
R10,R10_S20,13.08174821114992,80.25738615327677,2025-07-24 09:47:00
R10,R10_S21,13.082799945455223,80.27188362949416,2025-07-24 09:49:00
R10,R10_S22,13.073328457528909,80.25382638815574,2025-07-24 09:52:00
R10,R10_S23,13.095876445954714,80.26558166561209,2025-07-24 09:53:00
R10,R10_S24,13.08435760924212,80.28822686245667,2025-07-24 10:00:00
R10,R10_S25,13.070766252162546,80.26937514154298,2025-07-24 10:13:00
R10,R10_S26,13.076573574865389,80.25983377052874,2025-07-24 10:07:00
R10,R10_S27,13.07758132816074,80.26953449369351,2025-07-24 10:18:00
R10,R10_S28,13.089180851555417,80.25439770625273,2025-07-24 10:24:00
R10,R10_S29,13.080036024270836,80.27164261506971,2025-07-24 10:24:00
R10,R10_S30,13.09212147993201,80.27065814921065,2025-07-24 10:35:00
R10,R10_S31,13.084994185297559,80.27118579842322,2025-07-24 10:43:00
R10,R10_S32,13.099681122732832,80.2695652544617,2025-07-24 10:38:00
R10,R10_S33,13.072843207387185,80.27167441766393,2025-07-24 10:53:00
R10,R10_S34,13.087315539951225,80.26601006116826,2025-07-24 10:58:00
R10,R10_S35,13.075398768106995,80.25431299177818,2025-07-24 10:54:00
R10,R10_S36,13.072794364066812,80.26394004881392,2025-07-24 11:00:00
R10,R10_S37,13.094098324354839,80.26607382900971,2025-07-24 11:10:00
R10,R10_S38,13.1011124256198,80.26676199802182,2025-07-24 11:13:00
R10,R10_S39,13.096161647999445,80.27710362573562,2025-07-24 11:22:00
R10,R10_S40,13.079392720377038,80.28270273605527,2025-07-24 11:26:00
R10,R10_S41,13.091596784602409,80.2724075263618,2025-07-24 11:33:00
R10,R10_S42,13.052867333826766,80.2753215856554,2025-07-24 11:32:00
R10,R10_S43,13.08918066323583,80.28829265919089,2025-07-24 11:39:00
R10,R10_S44,13.078942847572712,80.25904236719671,2025-07-24 11:40:00
R10,R10_S45,13.099473955438713,80.26767257890731,2025-07-24 11:42:00
R10,R10_S46,13.08501156219987,80.27580159826104,2025-07-24 11:47:00
R10,R10_S47,13.086809377190335,80.26728234357545,2025-07-24 11:59:00
R10,R10_S48,13.085489512125871,80.28940941912607,2025-07-24 11:59:00
R10,R10_S49,13.083518312403287,80.26899077332659,2025-07-24 12:14:00
R10,R10_S50,13.076826287689984,80.27614376990724,2025-07-24 12:17:00
R10,R10_S51,13.05372723696995,80.27708559495937,2025-07-24 12:13:00
R10,R10_S52,13.090960464392833,80.27266627888977,2025-07-24 12:18:00
R10,R10_S53,13.07286744050509,80.26742069913807,2025-07-24 12:32:00
R10,R10_S54,13.077316496604753,80.27665486922854,2025-07-24 12:38:00
R10,R10_S55,13.092226169435271,80.27533276962976,2025-07-24 12:33:00
R10,R10_S56,13.103148097436035,80.27251101611631,2025-07-24 12:42:00
R10,R10_S57,13.086911428287957,80.26627093723006,2025-07-24 12:43:00
R10,R10_S58,13.104791360365402,80.25655426736539,2025-07-24 12:58:00
R10,R10_S59,13.081900724181082,80.24651398264471,2025-07-24 13:04:00
R10,R10_S60,13.074318114103427,80.27873769954849,2025-07-24 12:59:00
R10,R10_S61,13.082972200633767,80.27503648486906,2025-07-24 13:14:00
R10,R10_S62,13.071164451533386,80.27117015391522,2025-07-24 13:12:00
R10,R10_S63,13.090698433134975,80.27981411577606,2025-07-24 13:16:00
R10,R10_S64,13.084499308962828,80.26913487478117,2025-07-24 13:28:00
R10,R10_S65,13.073040006952208,80.26977707153063,2025-07-24 13:22:00
R10,R10_S66,13.084225063020584,80.2672272093354,2025-07-24 13:30:00
R10,R10_S67,13.083839634788733,80.26855144912031,2025-07-24 13:34:00
R10,R10_S68,13.07897498214113,80.2539159973184,2025-07-24 13:43:00
R10,R10_S69,13.091833760220872,80.29476437813851,2025-07-24 13:47:00
R10,R10_S70,13.064025762691848,80.27541517015526,2025-07-24 13:57:00
R10,R10_S71,13.076424699782725,80.27657601606636,2025-07-24 13:54:00
R10,R10_S72,13.063058165523785,80.26852729045847,2025-07-24 14:05:00
R10,R10_S73,13.080124506873224,80.26477119513284,2025-07-24 14:14:00
R10,R10_S74,13.08696916313164,80.27753465927171,2025-07-24 14:08:00
R10,R10_S75,13.084724823213838,80.27858783982077,2025-07-24 14:19:00
R10,R10_S76,13.103008184017083,80.27802944673975,2025-07-24 14:23:00
R10,R10_S77,13.081632662241287,80.28095881740525,2025-07-24 14:32:00
R10,R10_S78,13.09027281439423,80.27920213152409,2025-07-24 14:37:00
R10,R10_S79,13.081750172247498,80.2786097159647,2025-07-24 14:44:00
R10,R10_S80,13.079213479948237,80.26438225974277,2025-07-24 14:38:00
R10,R10_S81,13.084995038763502,80.27576877761985,2025-07-24 14:54:00
R10,R10_S82,13.079098286610872,80.27071003005857,2025-07-24 14:54:00
R10,R10_S83,13.086672099262781,80.26956571694794,2025-07-24 14:57:00
R10,R10_S84,13.086693769588038,80.28176789377198,2025-07-24 15:08:00
R10,R10_S85,13.078366631689935,80.26952714468055,2025-07-24 15:13:00
R10,R10_S86,13.094619671612959,80.27527195092458,2025-07-24 15:12:00
R10,R10_S87,13.084966663123225,80.2748394918448,2025-07-24 15:12:00
R10,R10_S88,13.089671067404769,80.26892765127117,2025-07-24 15:26:00
R10,R10_S89,13.072025666429173,80.27953145016774,2025-07-24 15:32:00
R10,R10_S90,13.088091590218454,80.26351497623027,2025-07-24 15:37:00
R10,R10_S91,13.078342544107493,80.27738609366959,2025-07-24 15:42:00
R10,R10_S92,13.074158949336084,80.25173721532738,2025-07-24 15:44:00
R10,R10_S93,13.08117174499939,80.28046583001436,2025-07-24 15:51:00
R10,R10_S94,13.090751172276551,80.28021464385925,2025-07-24 15:51:00
R10,R10_S95,13.084036187018135,80.26384782980135,2025-07-24 15:56:00
R10,R10_S96,13.06957732156381,80.25803076828699,2025-07-24 16:06:00
R10,R10_S97,13.0668913561188,80.26745641611159,2025-07-24 16:14:00
R10,R10_S98,13.071256769067347,80.27665684323732,2025-07-24 16:08:00
R10,R10_S99,13.091308237698518,80.27526417900303,2025-07-24 16:15:00
R10,R10_S100,13.068136700009802,80.25982620957122,2025-07-24 16:21:00
