Route ID,Stop ID,Latitude,Longitude,Expected Time
R1,R1_S1,13.087667141530114,80.2693173569883,2025-07-24 08:05:00
R1,R1_S2,13.073531731561816,80.26945852819728,2025-07-24 08:10:00
R1,R1_S3,13.076891218659766,80.26544830192822,2025-07-24 08:15:00
R1,R1_S4,13.058308941849441,80.27673441225039,2025-07-24 08:20:00
R1,R1_S5,13.084124646023868,80.27035347815773,2025-07-24 08:25:00
R1,R1_S6,13.076697461498942,80.28017439821048,2025-07-24 08:30:00
R1,R1_S7,13.082565027752622,80.26012289071045,2025-07-24 08:35:00
R1,R1_S8,13.068920606961775,80.26716883347993,2025-07-24 08:40:00
R1,R1_S9,13.084886383160539,80.27951761038949,2025-07-24 08:45:00
R1,R1_S10,13.106107463341031,80.28140985187018,2025-07-24 08:50:00
R1,R1_S11,13.085940839693949,80.26684917719584,2025-07-24 08:55:00
R1,R1_S12,13.092005844007712,80.27747767409674,2025-07-24 09:00:00
R1,R1_S13,13.067618467104525,80.28169646975785,2025-07-24 09:05:00
R1,R1_S14,13.092200053955073,80.28796516468576,2025-07-24 09:10:00
R1,R1_S15,13.086316360250477,80.26424880245395,2025-07-24 09:15:00
R1,R1_S16,13.081194661417403,80.26104442328105,2025-07-24 09:20:00
R1,R1_S17,13.083617607765357,80.250824310854,2025-07-24 09:25:00
R1,R1_S18,13.068514035369846,80.27260336984966,2025-07-24 09:30:00
R1,R1_S19,13.08771448331525,80.28228186652933,2025-07-24 09:35:00
R1,R1_S20,13.092326412899999,80.26860307563163,2025-07-24 09:40:00
R1,R1_S21,13.075679469061228,80.26742337853403,2025-07-24 09:45:00
R1,R1_S22,13.069206100267671,80.26050927214632,2025-07-24 09:50:00
R1,R1_S23,13.071737342047188,80.27984884321927,2025-07-24 09:55:00
R1,R1_S24,13.073269431915328,80.2847395873866,2025-07-24 10:00:00
R1,R1_S25,13.07828233976774,80.2698583491482,2025-07-24 10:05:00
R1,R1_S26,13.057712408583614,80.28550328561172,2025-07-24 10:10:00
R1,R1_S27,13.074946638940432,80.2784314085589,2025-07-24 10:15:00
R1,R1_S28,13.082245973447133,80.27286936726163,2025-07-24 10:20:00
R1,R1_S29,13.072794636748695,80.26503702270398,2025-07-24 10:25:00
R1,R1_S30,13.089881282798247,80.26118528249353,2025-07-24 10:30:00
R1,R1_S31,13.088063360323822,80.26155309068739,2025-07-24 10:35:00
R1,R1_S32,13.094392076469527,80.2794331696909,2025-07-24 10:40:00
R1,R1_S33,13.090835172173698,80.25839135683566,2025-07-24 10:45:00
R1,R1_S34,13.083328245997333,80.27571596365347,2025-07-24 10:50:00
R1,R1_S35,13.095693968142646,80.26202853843951,2025-07-24 10:55:00
R1,R1_S36,13.09123997786495,80.28858593857326,2025-07-24 11:00:00
R1,R1_S37,13.101357745111448,80.27543832920912,2025-07-24 11:05:00
R1,R1_S38,13.08265143055349,80.26686676693734,2025-07-24 11:10:00
R1,R1_S39,13.086944862440566,80.28010535584963,2025-07-24 11:15:00
R1,R1_S40,13.06951429839242,80.27790387242038,2025-07-24 11:20:00
R1,R1_S41,13.0854669079933,80.27897183249037,2025-07-24 11:25:00
R1,R1_S42,13.091201205821239,80.27464339951466,2025-07-24 11:30:00
R1,R1_S43,13.0831198006447,80.26932728182902,2025-07-24 11:35:00
R1,R1_S44,13.086063987637864,80.27120629810916,2025-07-24 11:40:00
R1,R1_S45,13.081587960001897,80.25320930565829,2025-07-24 11:45:00
R1,R1_S46,13.089000749386011,80.28832937472303,2025-07-24 11:50:00
R1,R1_S47,13.06964302445959,80.26319238156933,2025-07-24 11:55:00
R1,R1_S48,13.093530512431753,80.28123802052035,2025-07-24 12:00:00
R1,R1_S49,13.067185660559094,80.26559506780423,2025-07-24 12:05:00
R1,R1_S50,13.097073563283336,80.27077306372742,2025-07-24 12:10:00
R1,R1_S51,13.067094429275627,80.29070348089107,2025-07-24 12:15:00
R1,R1_S52,13.064815034950197,80.27427304541938,2025-07-24 12:20:00
R1,R1_S53,13.062784622134687,80.27496025866834,2025-07-24 12:25:00
R1,R1_S54,13.07539633368283,80.27286458589583,2025-07-24 12:30:00
R1,R1_S55,13.096334354909517,80.27898765977605,2025-07-24 12:35:00
R1,R1_S56,13.076082135352317,80.27922433334797,2025-07-24 12:40:00
R1,R1_S57,13.100512910770265,80.26392584332285,2025-07-24 12:45:00
R1,R1_S58,13.092153816900877,80.28336406855374,2025-07-24 12:50:00
R1,R1_S59,13.070864268320555,80.27298970432231,2025-07-24 12:55:00
R1,R1_S60,13.087138194281463,80.2784463405343,2025-07-24 13:00:00
R1,R1_S61,13.069750575255203,80.26964881495255,2025-07-24 13:05:00
R1,R1_S62,13.082718136111948,80.27825935281793,2025-07-24 13:10:00
R1,R1_S63,13.08614068131402,80.27996232542885,2025-07-24 13:15:00
R1,R1_S64,13.076548663222287,80.29181317641617,2025-07-24 13:20:00
R1,R1_S65,13.087714267570261,80.28130638578821,2025-07-24 13:25:00
R1,R1_S66,13.085509918677351,80.2644730048018,2025-07-24 13:30:00
R1,R1_S67,13.071450482621673,80.28351920380315,2025-07-24 13:35:00
R1,R1_S68,13.092220110938468,80.28522550247463,2025-07-24 13:40:00
R1,R1_S69,13.083207439588554,80.27564599891882,2025-07-24 13:45:00
R1,R1_S70,13.08249098406036,80.2718732738331,2025-07-24 13:50:00
R1,R1_S71,13.084504925054997,80.28141041524118,2025-07-24 13:55:00
R1,R1_S72,13.078620846472289,80.27331623055973,2025-07-24 14:00:00
R1,R1_S73,13.08951952971295,80.26759733243406,2025-07-24 14:05:00
R1,R1_S74,13.101823176398401,80.28135227082548,2025-07-24 14:10:00
R1,R1_S75,13.068293472611932,80.27339317654253,2025-07-24 14:15:00
R1,R1_S76,13.091589842942772,80.27566064233227,2025-07-24 14:20:00
R1,R1_S77,13.077645577262082,80.25713214515582,2025-07-24 14:25:00
R1,R1_S78,13.068219156585029,80.25662536225624,2025-07-24 14:30:00
R1,R1_S79,13.097482521148226,80.26190532159754,2025-07-24 14:35:00
R1,R1_S80,13.076957985511925,80.25578025674541,2025-07-24 14:40:00
R1,R1_S81,13.085927185603381,80.26242769056448,2025-07-24 14:45:00
R1,R1_S82,13.06824390027528,80.26225863086482,2025-07-24 14:50:00
R1,R1_S83,13.063732527798171,80.2766909332583,2025-07-24 14:55:00
R1,R1_S84,13.08294510174259,80.27567998291246,2025-07-24 15:00:00
R1,R1_S85,13.094704115484134,80.28886087790244,2025-07-24 15:05:00
R1,R1_S86,13.072827707923272,80.2657883647125,2025-07-24 15:10:00
R1,R1_S87,13.075108673384463,80.27220393786477,2025-07-24 15:15:00
R1,R1_S88,13.099977476274344,80.25577398635585,2025-07-24 15:20:00
R1,R1_S89,13.090119630165296,80.2854665862543,2025-07-24 15:25:00
R1,R1_S90,13.070382692324902,80.27259584920161,2025-07-24 15:30:00
R1,R1_S91,13.065568654709091,80.28423872374167,2025-07-24 15:35:00
R1,R1_S92,13.084886830922763,80.26585624308031,2025-07-24 15:40:00
R1,R1_S93,13.09786233322934,80.27382458481098,2025-07-24 15:45:00
R1,R1_S94,13.08390295631712,80.27584438834059,2025-07-24 15:50:00
R1,R1_S95,13.074421069210844,80.2676613556457,2025-07-24 15:55:00
R1,R1_S96,13.077520877441945,80.279628253643,2025-07-24 16:00:00
R1,R1_S97,13.089153759495852,80.28438631557533,2025-07-24 16:05:00
R1,R1_S98,13.084731135479466,80.271195727293,2025-07-24 16:10:00
R1,R1_S99,13.085211949722197,80.26616203335028,2025-07-24 16:15:00
R1,R1_S100,13.084900743288037,80.25186116510767,2025-07-24 16:20:00
R2,R2_S1,13.082552817413651,80.27866405429697,2025-07-24 08:05:00
R2,R2_S2,13.067468391295284,80.28275915207243,2025-07-24 08:10:00
R2,R2_S3,13.08636598246097,80.26130120213674,2025-07-24 08:15:00
R2,R2_S4,13.083137026680843,80.28143682012099,2025-07-24 08:20:00
R2,R2_S5,13.074545009267116,80.26510974506766,2025-07-24 08:25:00
R2,R2_S6,13.078953386716439,80.26251323014682,2025-07-24 08:30:00
R2,R2_S7,13.083925054983396,80.29043460891603,2025-07-24 08:35:00
R2,R2_S8,13.091213542646006,80.26449636277465,2025-07-24 08:40:00
R2,R2_S9,13.106441417434008,80.26759275735384,2025-07-24 08:45:00
R2,R2_S10,13.086702189704072,80.26285488106187,2025-07-24 08:50:00
R2,R2_S11,13.081420824085193,80.261144595594,2025-07-24 08:55:00
R2,R2_S12,13.074989134594956,80.27646174599471,2025-07-24 09:00:00
R2,R2_S13,13.074967750295473,80.26719210754828,2025-07-24 09:05:00
R2,R2_S14,13.096130988181079,80.25762342931817,2025-07-24 09:10:00
R2,R2_S15,13.097931240772697,80.27608910043685,2025-07-24 09:15:00
R2,R2_S16,13.089814542651949,80.26780622052868,2025-07-24 09:20:00
R2,R2_S17,13.082976909316162,80.27197365478537,2025-07-24 09:25:00
R2,R2_S18,13.080637610410442,80.2479204958219,2025-07-24 09:30:00
R2,R2_S19,13.082612094436968,80.27521411198649,2025-07-24 09:35:00
R2,R2_S20,13.103133204896825,80.28689612155438,2025-07-24 09:40:00
R2,R2_S21,13.089105820069493,80.2625521587201,2025-07-24 09:45:00
R2,R2_S22,13.071308582714103,80.27337742665704,2025-07-24 09:50:00
R2,R2_S23,13.075220300101735,80.24931199685192,2025-07-24 09:55:00
R2,R2_S24,13.092762928092146,80.26493108130478,2025-07-24 10:00:00
R2,R2_S25,13.081983259634427,80.26046181480511,2025-07-24 10:05:00
R2,R2_S26,13.087215159420191,80.27713802601704,2025-07-24 10:10:00
R2,R2_S27,13.08356589787473,80.26914322764608,2025-07-24 10:15:00
R2,R2_S28,13.08801916892219,80.27766351126652,2025-07-24 10:20:00
R2,R2_S29,13.088134831529638,80.2810492092708,2025-07-24 10:25:00
R2,R2_S30,13.099792924947296,80.27894900186129,2025-07-24 10:30:00
R2,R2_S31,13.089779243669698,80.29278450525867,2025-07-24 10:35:00
R2,R2_S32,13.080308213339698,80.27893104975746,2025-07-24 10:40:00
R2,R2_S33,13.05980938743067,80.28502481917452,2025-07-24 10:45:00
R2,R2_S34,13.086084964074946,80.26654712086099,2025-07-24 10:50:00
R2,R2_S35,13.090981534903902,80.2807989496105,2025-07-24 10:55:00
R2,R2_S36,13.097797713124598,80.27472034480047,2025-07-24 11:00:00
R2,R2_S37,13.060251970922927,80.27745808730045,2025-07-24 11:05:00
R2,R2_S38,13.072513805518955,80.30046196928156,2025-07-24 11:10:00
R2,R2_S39,13.096559033212912,80.2807860294985,2025-07-24 11:15:00
R2,R2_S40,13.070922144585078,80.26389738412807,2025-07-24 11:20:00
R2,R2_S41,13.0854996862632,80.25944510952702,2025-07-24 11:25:00
R2,R2_S42,13.100521636185361,80.27660274619062,2025-07-24 11:30:00
R2,R2_S43,13.076673521946947,80.28371849168161,2025-07-24 11:35:00
R2,R2_S44,13.083257249122887,80.28164191518472,2025-07-24 11:40:00
R2,R2_S45,13.074734970413425,80.27730775231723,2025-07-24 11:45:00
R2,R2_S46,13.091222464890304,80.24749262626023,2025-07-24 11:50:00
R2,R2_S47,13.091105272502517,80.27031508279981,2025-07-24 11:55:00
R2,R2_S48,13.080242569359141,80.26797276430253,2025-07-24 12:00:00
R2,R2_S49,13.09308826145112,80.26371783971685,2025-07-24 12:05:00
R2,R2_S50,13.072528078294546,80.27586669308648,2025-07-24 12:10:00
R2,R2_S51,13.076916860770728,80.2615944215526,2025-07-24 12:15:00
R2,R2_S52,13.084680847607679,80.26925639588076,2025-07-24 12:20:00
R2,R2_S53,13.093561055267697,80.26675417681764,2025-07-24 12:25:00
R2,R2_S54,13.096585822690404,80.24410648642952,2025-07-24 12:30:00
R2,R2_S55,13.07913467910056,80.27308296262122,2025-07-24 12:35:00
R2,R2_S56,13.068624883052824,80.2629218331241,2025-07-24 12:40:00
R2,R2_S57,13.080131829720743,80.28094286581779,2025-07-24 12:45:00
R2,R2_S58,13.083687457776374,80.26939654854013,2025-07-24 12:50:00
R2,R2_S59,13.08029674601842,80.26695179192451,2025-07-24 12:55:00
R2,R2_S60,13.07994190434398,80.26012468748567,2025-07-24 13:00:00
R2,R2_S61,13.066002208279317,80.28834686934263,2025-07-24 13:05:00
R2,R2_S62,13.079406690016803,80.26973173962607,2025-07-24 13:10:00
R2,R2_S63,13.065165305837494,80.26525077765042,2025-07-24 13:15:00
R2,R2_S64,13.105484787281885,80.24285995771199,2025-07-24 13:20:00
R2,R2_S65,13.076471454968988,80.26651856965991,2025-07-24 13:25:00
R2,R2_S66,13.092201784795286,80.276095724064,2025-07-24 13:30:00
R2,R2_S67,13.086782527557146,80.25367416395763,2025-07-24 13:35:00
R2,R2_S68,13.073712000917576,80.2616036610251,2025-07-24 13:40:00
R2,R2_S69,13.072662421084367,80.27580296389583,2025-07-24 13:45:00
R2,R2_S70,13.078512951591936,80.28524927808326,2025-07-24 13:50:00
R2,R2_S71,13.084567667644771,80.26314617067648,2025-07-24 13:55:00
R2,R2_S72,13.090944153882576,80.26945386218657,2025-07-24 14:00:00
R2,R2_S73,13.103513146567652,80.26765446361513,2025-07-24 14:05:00
R2,R2_S74,13.085677602509184,80.25350458993289,2025-07-24 14:10:00
R2,R2_S75,13.108300845382688,80.26973940100275,2025-07-24 14:15:00
R2,R2_S76,13.07001978488357,80.2574085417284,2025-07-24 14:20:00
R2,R2_S77,13.067120476823234,80.26669618639818,2025-07-24 14:25:00
R2,R2_S78,13.079622143833202,80.26411101578024,2025-07-24 14:30:00
R2,R2_S79,13.084477010009333,80.2573465564129,2025-07-24 14:35:00
R2,R2_S80,13.090748031787339,80.28000253345954,2025-07-24 14:40:00
R2,R2_S81,13.067434481383023,80.27012095092662,2025-07-24 14:45:00
R2,R2_S82,13.074507356064453,80.27685708749165,2025-07-24 14:50:00
R2,R2_S83,13.093990694375352,80.26989584226291,2025-07-24 14:55:00
R2,R2_S84,13.09617855781329,80.28367406114863,2025-07-24 15:00:00
R2,R2_S85,13.084921337716338,80.26591251378338,2025-07-24 15:05:00
R2,R2_S86,13.096038596197609,80.2738781506563,2025-07-24 15:10:00
R2,R2_S87,13.091377650241709,80.27353032205396,2025-07-24 15:15:00
R2,R2_S88,13.08526161458434,80.27050118389711,2025-07-24 15:20:00
R2,R2_S89,13.077527115498997,80.28479347440187,2025-07-24 15:25:00
R2,R2_S90,13.07592290994375,80.25548755125412,2025-07-24 15:30:00
R2,R2_S91,13.073973693726291,80.27863657941981,2025-07-24 15:35:00
R2,R2_S92,13.07265859233248,80.26302202434897,2025-07-24 15:40:00
R2,R2_S93,13.073165408290281,80.26794876013653,2025-07-24 15:45:00
R2,R2_S94,13.105797227554064,80.26406103086454,2025-07-24 15:50:00
R2,R2_S95,13.078541326585883,80.269659502432,2025-07-24 15:55:00
R2,R2_S96,13.0969050424799,80.26499253706251,2025-07-24 16:00:00
R2,R2_S97,13.075647892636702,80.26366379937075,2025-07-24 16:05:00
R2,R2_S98,13.076572113095157,80.26682298440065,2025-07-24 16:10:00
R2,R2_S99,13.08395154697063,80.27299645176939,2025-07-24 16:15:00
R2,R2_S100,13.091541008365592,80.26119316208595,2025-07-24 16:20:00
R3,R3_S1,13.083132716947445,80.28100473420436,2025-07-24 08:05:00
R3,R3_S2,13.089518914896264,80.28916707325736,2025-07-24 08:10:00
R3,R3_S3,13.07891707116463,80.27616779354166,2025-07-24 08:15:00
R3,R3_S4,13.087724166321872,80.27927445931718,2025-07-24 08:20:00
R3,R3_S5,13.08464852821202,80.2691132555629,2025-07-24 08:25:00
R3,R3_S6,13.084996279301638,80.26917528644896,2025-07-24 08:30:00
R3,R3_S7,13.090877526958762,80.2558060694035,2025-07-24 08:35:00
R3,R3_S8,13.089154841811412,80.29233254723306,2025-07-24 08:40:00
R3,R3_S9,13.08808022354797,80.27117954050284,2025-07-24 08:45:00
R3,R3_S10,13.078235663854496,80.27264089992899,2025-07-24 08:50:00
R3,R3_S11,13.08036009333098,80.28916806040087,2025-07-24 08:55:00
R3,R3_S12,13.086371022667882,80.26544194612687,2025-07-24 09:00:00
R3,R3_S13,13.08157008218132,80.25845064949812,2025-07-24 09:05:00
R3,R3_S14,13.072487671828693,80.277783564473,2025-07-24 09:10:00
R3,R3_S15,13.087008402443338,80.27313307664129,2025-07-24 09:15:00
R3,R3_S16,13.091678885387605,80.2686343283157,2025-07-24 09:20:00
R3,R3_S17,13.070184605758097,80.28513764604074,2025-07-24 09:25:00
R3,R3_S18,13.078510798807516,80.26588226737016,2025-07-24 09:30:00
R3,R3_S19,13.07325631222457,80.2739324576291,2025-07-24 09:35:00
R3,R3_S20,13.068438744673308,80.27676165090612,2025-07-24 09:40:00
R3,R3_S21,13.083981044149109,80.26388948342526,2025-07-24 09:45:00
R3,R3_S22,13.102328226340456,80.2668493973814,2025-07-24 09:50:00
R3,R3_S23,13.092935215224658,80.25976371053937,2025-07-24 09:55:00
R3,R3_S24,13.092098481035297,80.27916013544672,2025-07-24 10:00:00
R3,R3_S25,13.097733983017672,80.27947362290575,2025-07-24 10:05:00
R3,R3_S26,13.083325027332496,80.26289525993676,2025-07-24 10:10:00
R3,R3_S27,13.084654102849967,80.26007367222584,2025-07-24 10:15:00
R3,R3_S28,13.083717640729876,80.26795968185752,2025-07-24 10:20:00
R3,R3_S29,13.083296303699203,80.26423063222295,2025-07-24 10:25:00
R3,R3_S30,13.095351972516237,80.27629359208728,2025-07-24 10:30:00
R3,R3_S31,13.083845333662156,80.28020145471,2025-07-24 10:35:00
R3,R3_S32,13.099556483014192,80.26609704555807,2025-07-24 10:40:00
R3,R3_S33,13.079496526918058,80.27494165946402,2025-07-24 10:45:00
R3,R3_S34,13.087759911099596,80.2507258865654,2025-07-24 10:50:00
R3,R3_S35,13.077677442838059,80.27281594970381,2025-07-24 10:55:00
R3,R3_S36,13.077868135377008,80.28643986763291,2025-07-24 11:00:00
R3,R3_S37,13.113748674284668,80.27417402636642,2025-07-24 11:05:00
R3,R3_S38,13.081646080745628,80.28850829212968,2025-07-24 11:10:00
R3,R3_S39,13.073817892445529,80.2570696034145,2025-07-24 11:15:00
R3,R3_S40,13.076444372984906,80.27465803533438,2025-07-24 11:20:00
R3,R3_S41,13.068844149135174,80.28514311583713,2025-07-24 11:25:00
R3,R3_S42,13.066195087899624,80.27019577148279,2025-07-24 11:30:00
R3,R3_S43,13.100816920561192,80.27954726421754,2025-07-24 11:35:00
R3,R3_S44,13.069753185242792,80.28230826787379,2025-07-24 11:40:00
R3,R3_S45,13.075030467611176,80.26309850727742,2025-07-24 11:45:00
R3,R3_S46,13.102210342980202,80.26480021409586,2025-07-24 11:50:00
R3,R3_S47,13.097707597906345,80.27920221742114,2025-07-24 11:55:00
R3,R3_S48,13.066332750087007,80.28275691460082,2025-07-24 12:00:00
R3,R3_S49,13.086326556222513,80.28368738503944,2025-07-24 12:05:00
R3,R3_S50,13.079483768639541,80.2661899496987,2025-07-24 12:10:00
R3,R3_S51,13.090026400772157,80.26989283419891,2025-07-24 12:15:00
R3,R3_S52,13.084093425936214,80.27522534891821,2025-07-24 12:20:00
R3,R3_S53,13.103583747047809,80.26930410371845,2025-07-24 12:25:00
R3,R3_S54,13.075373158087425,80.27575427146625,2025-07-24 12:30:00
R3,R3_S55,13.093430873454103,80.26906039120398,2025-07-24 12:35:00
R3,R3_S56,13.082183715277079,80.27266582073489,2025-07-24 12:40:00
R3,R3_S57,13.09375525932958,80.2825703030556,2025-07-24 12:45:00
R3,R3_S58,13.091091848677165,80.28885372684827,2025-07-24 12:50:00
R3,R3_S59,13.090724708823197,80.26671679093977,2025-07-24 12:55:00
R3,R3_S60,13.080258433647094,80.2803408716829,2025-07-24 13:00:00
R3,R3_S61,13.09059900080038,80.26678574483314,2025-07-24 13:05:00
R3,R3_S62,13.069919774165637,80.25426259284413,2025-07-24 13:10:00
R3,R3_S63,13.093335657193862,80.29316128965937,2025-07-24 13:15:00
R3,R3_S64,13.099120151601365,80.28079817089343,2025-07-24 13:20:00
R3,R3_S65,13.088923968705235,80.27128401472103,2025-07-24 13:25:00
R3,R3_S66,13.058535482347876,80.26536896075136,2025-07-24 13:30:00
R3,R3_S67,13.09028928589787,80.2735119142397,2025-07-24 13:35:00
R3,R3_S68,13.080811033122156,80.2762307327644,2025-07-24 13:40:00
R3,R3_S69,13.072814088928492,80.25966410682784,2025-07-24 13:45:00
R3,R3_S70,13.097845175625897,80.27843083189178,2025-07-24 13:50:00
R3,R3_S71,13.07211360650603,80.27133165459308,2025-07-24 13:55:00
R3,R3_S72,13.092189399898377,80.26407887483177,2025-07-24 14:00:00
R3,R3_S73,13.07691036744806,80.27133688393653,2025-07-24 14:05:00
R3,R3_S74,13.085174977968373,80.29320454767817,2025-07-24 14:10:00
R3,R3_S75,13.078070509345748,80.25988580371255,2025-07-24 14:15:00
R3,R3_S76,13.090171652242597,80.26369168321135,2025-07-24 14:20:00
R3,R3_S77,13.092988382954129,80.27639793811905,2025-07-24 14:25:00
R3,R3_S78,13.070824015809706,80.27379820710227,2025-07-24 14:30:00
R3,R3_S79,13.06958159871836,80.27214250022818,2025-07-24 14:35:00
R3,R3_S80,13.067330520399738,80.27337751224366,2025-07-24 14:40:00
R3,R3_S81,13.074663254320303,80.28709116805445,2025-07-24 14:45:00
R3,R3_S82,13.0865996058603,80.28274068018885,2025-07-24 14:50:00
R3,R3_S83,13.071692207171633,80.2635870137524,2025-07-24 14:55:00
R3,R3_S84,13.087633833004116,80.28035407974436,2025-07-24 15:00:00
R3,R3_S85,13.086008802322146,80.27903528961609,2025-07-24 15:05:00
R3,R3_S86,13.067704125437972,80.25740356697762,2025-07-24 15:10:00
R3,R3_S87,13.083664337187935,80.26389112717962,2025-07-24 15:15:00
R3,R3_S88,13.081587739386514,80.26166092358535,2025-07-24 15:20:00
R3,R3_S89,13.082499811006556,80.27453611970789,2025-07-24 15:25:00
R3,R3_S90,13.083429967559734,80.27850078179718,2025-07-24 15:30:00
R3,R3_S91,13.090832965765832,80.26383680924351,2025-07-24 15:35:00
R3,R3_S92,13.089781086766887,80.28026702316795,2025-07-24 15:40:00
R3,R3_S93,13.070496826227844,80.26351318074558,2025-07-24 15:45:00
R3,R3_S94,13.08719010963419,80.26539492377063,2025-07-24 15:50:00
R3,R3_S95,13.083518293585476,80.2697111034681,2025-07-24 15:55:00
R3,R3_S96,13.079086142328183,80.2661989886631,2025-07-24 16:00:00
R3,R3_S97,13.088065098435704,80.26171532018209,2025-07-24 16:05:00
R3,R3_S98,13.0804485347265,80.27267578922051,2025-07-24 16:10:00
R3,R3_S99,13.07753743984063,80.28001776097409,2025-07-24 16:15:00
R3,R3_S100,13.083266499248971,80.27599692754357,2025-07-24 16:20:00
R4,R4_S1,13.089957668231632,80.26611043114175,2025-07-24 08:05:00
R4,R4_S2,13.069387702072861,80.2734832906122,2025-07-24 08:10:00
R4,R4_S3,13.084186674572022,80.26732914028882,2025-07-24 08:15:00
R4,R4_S4,13.097911721377649,80.28418280065927,2025-07-24 08:20:00
R4,R4_S5,13.092195541354414,80.2558510203155,2025-07-24 08:25:00
R4,R4_S6,13.081414925191442,80.28059369438283,2025-07-24 08:30:00
R4,R4_S7,13.069530444259032,80.26995146614065,2025-07-24 08:35:00
R4,R4_S8,13.076934895992734,80.24478957707855,2025-07-24 08:40:00
R4,R4_S9,13.067372646311043,80.2810295473323,2025-07-24 08:45:00
R4,R4_S10,13.07275893766958,80.27039061002844,2025-07-24 08:50:00
R4,R4_S11,13.075830842442077,80.266117834807,2025-07-24 08:55:00
R4,R4_S12,13.068980988570686,80.25456438602124,2025-07-24 09:00:00
R4,R4_S13,13.087350454610153,80.27236652828564,2025-07-24 09:05:00
R4,R4_S14,13.088581999349719,80.27578668249588,2025-07-24 09:10:00
R4,R4_S15,13.09571741289399,80.28631511196727,2025-07-24 09:15:00
R4,R4_S16,13.076656609284369,80.26994182604183,2025-07-24 09:20:00
R4,R4_S17,13.074675072667885,80.28368811324847,2025-07-24 09:25:00
R4,R4_S18,13.07223089017318,80.27606652752527,2025-07-24 09:30:00
R4,R4_S19,13.088771311007838,80.28381158886319,2025-07-24 09:35:00
R4,R4_S20,13.074086162976434,80.26189538035177,2025-07-24 09:40:00
R4,R4_S21,13.076264817696199,80.27997840128081,2025-07-24 09:45:00
R4,R4_S22,13.083109867897761,80.27899473929232,2025-07-24 09:50:00
R4,R4_S23,13.08826820840775,80.2685962984144,2025-07-24 09:55:00
R4,R4_S24,13.06104354771596,80.28044262222129,2025-07-24 10:00:00
R4,R4_S25,13.080487463764143,80.26793186700111,2025-07-24 10:05:00
R4,R4_S26,13.070575427211509,80.28205485016363,2025-07-24 10:10:00
R4,R4_S27,13.070286810015723,80.2767553977808,2025-07-24 10:15:00
R4,R4_S28,13.093947986445933,80.2627060592384,2025-07-24 10:20:00
R4,R4_S29,13.081756282499647,80.26984106750282,2025-07-24 10:25:00
R4,R4_S30,13.07845800977972,80.26129851085564,2025-07-24 10:30:00
R4,R4_S31,13.063708236120846,80.2714842939902,2025-07-24 10:35:00
R4,R4_S32,13.09271952267792,80.27275026687063,2025-07-24 10:40:00
R4,R4_S33,13.080609767427141,80.26219479545792,2025-07-24 10:45:00
R4,R4_S34,13.090292109999199,80.27653886294375,2025-07-24 10:50:00
R4,R4_S35,13.099089408273443,80.29695086339622,2025-07-24 10:55:00
R4,R4_S36,13.074851016869179,80.27718280433844,2025-07-24 11:00:00
R4,R4_S37,13.089042411430594,80.2754528558932,2025-07-24 11:05:00
R4,R4_S38,13.074528145333911,80.24975879372337,2025-07-24 11:10:00
R4,R4_S39,13.086639119732363,80.26194974592345,2025-07-24 11:15:00
R4,R4_S40,13.077181418541077,80.29628199285669,2025-07-24 11:20:00
R4,R4_S41,13.101313155972365,80.2895661464609,2025-07-24 11:25:00
R4,R4_S42,13.079636465392287,80.27135593845684,2025-07-24 11:30:00
R4,R4_S43,13.080998153774752,80.26616771950673,2025-07-24 11:35:00
R4,R4_S44,13.054964371370867,80.2787093663963,2025-07-24 11:40:00
R4,R4_S45,13.07631656139857,80.25758627274912,2025-07-24 11:45:00
R4,R4_S46,13.07245813175671,80.28924092566335,2025-07-24 11:50:00
R4,R4_S47,13.091200939893168,80.27945715862401,2025-07-24 11:55:00
R4,R4_S48,13.077422231357541,80.27841438991916,2025-07-24 12:00:00
R4,R4_S49,13.07686587644132,80.25769098243487,2025-07-24 12:05:00
R4,R4_S50,13.071000831642898,80.24197737786719,2025-07-24 12:10:00
R4,R4_S51,13.079957716429455,80.2607068724235,2025-07-24 12:15:00
R4,R4_S52,13.072936247287167,80.26177544160643,2025-07-24 12:20:00
R4,R4_S53,13.08203471482448,80.27315277837779,2025-07-24 12:25:00
R4,R4_S54,13.082486327056516,80.26322788320853,2025-07-24 12:30:00
R4,R4_S55,13.081191643793936,80.2683300082894,2025-07-24 12:35:00
R4,R4_S56,13.089724065691511,80.2716674989496,2025-07-24 12:40:00
R4,R4_S57,13.08678345164395,80.27065300595561,2025-07-24 12:45:00
R4,R4_S58,13.069368426893464,80.29484790998659,2025-07-24 12:50:00
R4,R4_S59,13.076626544012345,80.28699323336619,2025-07-24 12:55:00
R4,R4_S60,13.072541781810218,80.27131679849849,2025-07-24 13:00:00
R4,R4_S61,13.085093084668204,80.28499324262714,2025-07-24 13:05:00
R4,R4_S62,13.070036594943744,80.27012016052568,2025-07-24 13:10:00
R4,R4_S63,13.088891542610053,80.29127495469712,2025-07-24 13:15:00
R4,R4_S64,13.083423775862812,80.27048194661919,2025-07-24 13:20:00
R4,R4_S65,13.083984517375978,80.28135860998762,2025-07-24 13:25:00
R4,R4_S66,13.08627624259324,80.2623268092067,2025-07-24 13:30:00
R4,R4_S67,13.085874719347311,80.27038081505357,2025-07-24 13:35:00
R4,R4_S68,13.075085378345811,80.25553864179898,2025-07-24 13:40:00
R4,R4_S69,13.078436424037946,80.28218445709197,2025-07-24 13:45:00
R4,R4_S70,13.095406310606583,80.26362694659672,2025-07-24 13:50:00
R4,R4_S71,13.090353902141706,80.26878178541794,2025-07-24 13:55:00
R4,R4_S72,13.07041199581448,80.2728274483846,2025-07-24 14:00:00
R4,R4_S73,13.079352246678935,80.26666351536758,2025-07-24 14:05:00
R4,R4_S74,13.074106597163007,80.28212385143975,2025-07-24 14:10:00
R4,R4_S75,13.094187334829295,80.28502342031219,2025-07-24 14:15:00
R4,R4_S76,13.076665777012403,80.27347062750438,2025-07-24 14:20:00
R4,R4_S77,13.086084838434617,80.26774598589861,2025-07-24 14:25:00
R4,R4_S78,13.085467090439051,80.27802140563486,2025-07-24 14:30:00
R4,R4_S79,13.077716376078076,80.28062688538914,2025-07-24 14:35:00
R4,R4_S80,13.085136325000075,80.26610908936446,2025-07-24 14:40:00
R4,R4_S81,13.098853756894695,80.26747679530789,2025-07-24 14:45:00
R4,R4_S82,13.090657031416999,80.27688663937481,2025-07-24 14:50:00
R4,R4_S83,13.086424346469823,80.26279933674866,2025-07-24 14:55:00
R4,R4_S84,13.073468673895423,80.2757381841844,2025-07-24 15:00:00
R4,R4_S85,13.076756336276539,80.26877676086929,2025-07-24 15:05:00
R4,R4_S86,13.08993610587229,80.2773746078164,2025-07-24 15:10:00
R4,R4_S87,13.078906700801618,80.25931332061529,2025-07-24 15:15:00
R4,R4_S88,13.06097330453986,80.27917421677151,2025-07-24 15:20:00
R4,R4_S89,13.086582426477854,80.26373580207078,2025-07-24 15:25:00
R4,R4_S90,13.091586627535511,80.26543244567345,2025-07-24 15:30:00
R4,R4_S91,13.086372873134014,80.28908183676796,2025-07-24 15:35:00
R4,R4_S92,13.06384799947979,80.26773732556492,2025-07-24 15:40:00
R4,R4_S93,13.08925610398253,80.28597723619524,2025-07-24 15:45:00
R4,R4_S94,13.081655507814625,80.2690117827681,2025-07-24 15:50:00
R4,R4_S95,13.074618581455928,80.26354528302869,2025-07-24 15:55:00
R4,R4_S96,13.08535155527299,80.27711930534961,2025-07-24 16:00:00
R4,R4_S97,13.076159243168727,80.25239367103144,2025-07-24 16:05:00
R4,R4_S98,13.079210153033765,80.26714916101777,2025-07-24 16:10:00
R4,R4_S99,13.072555811228321,80.27852870243582,2025-07-24 16:15:00
R4,R4_S100,13.073740011931855,80.26139118805807,2025-07-24 16:20:00
R5,R5_S1,13.076473506382657,80.27264607455238,2025-07-24 08:05:00
R5,R5_S2,13.090765641766811,80.2727604951788,2025-07-24 08:10:00
R5,R5_S3,13.08049805372992,80.25002145273565,2025-07-24 08:15:00
R5,R5_S4,13.107544673686416,80.2636700253973,2025-07-24 08:20:00
R5,R5_S5,13.079607909229502,80.2631784359441,2025-07-24 08:25:00
R5,R5_S6,13.086473507027634,80.26889510211069,2025-07-24 08:30:00
R5,R5_S7,13.08402136721336,80.2840061703551,2025-07-24 08:35:00
R5,R5_S8,13.101711906857531,80.27009339186186,2025-07-24 08:40:00
R5,R5_S9,13.088491780192918,80.27418272226403,2025-07-24 08:45:00
R5,R5_S10,13.091912476849105,80.26527627678561,2025-07-24 08:50:00
R5,R5_S11,13.0908863066178,80.25864996478902,2025-07-24 08:55:00
R5,R5_S12,13.080588697611724,80.2608282047285,2025-07-24 09:00:00
R5,R5_S13,13.094044805200845,80.2625759500101,2025-07-24 09:05:00
R5,R5_S14,13.0944617510524,80.25336016470582,2025-07-24 09:10:00
R5,R5_S15,13.087216327016497,80.25995100942691,2025-07-24 09:15:00
R5,R5_S16,13.071262737926794,80.27178559705777,2025-07-24 09:20:00
R5,R5_S17,13.074340459204194,80.2696712295591,2025-07-24 09:25:00
R5,R5_S18,13.080953621481902,80.2558497784172,2025-07-24 09:30:00
R5,R5_S19,13.070763631682436,80.2798915417361,2025-07-24 09:35:00
R5,R5_S20,13.077081143364527,80.25741394780405,2025-07-24 09:40:00
R5,R5_S21,13.064506920713354,80.26376813172764,2025-07-24 09:45:00
R5,R5_S22,13.081917293361967,80.26724390485303,2025-07-24 09:50:00
R5,R5_S23,13.071642953315141,80.26855078969712,2025-07-24 09:55:00
R5,R5_S24,13.084976532826314,80.2495408000453,2025-07-24 10:00:00
R5,R5_S25,13.093803023619829,80.25886593811734,2025-07-24 10:05:00
R5,R5_S26,13.097846369065804,80.2910567831904,2025-07-24 10:10:00
R5,R5_S27,13.078336141094736,80.26960390196075,2025-07-24 10:15:00
R5,R5_S28,13.066626403429975,80.26170212137217,2025-07-24 10:20:00
R5,R5_S29,13.08176565929083,80.27298982425062,2025-07-24 10:25:00
R5,R5_S30,13.074079501185956,80.27164999883497,2025-07-24 10:30:00
R5,R5_S31,13.066991238479316,80.25943232531091,2025-07-24 10:35:00
R5,R5_S32,13.07001964450499,80.27193329074392,2025-07-24 10:40:00
R5,R5_S33,13.072065979934292,80.26196590365913,2025-07-24 10:45:00
R5,R5_S34,13.084408318984133,80.2833020740608,2025-07-24 10:50:00
R5,R5_S35,13.1034408266975,80.26150615408415,2025-07-24 10:55:00
R5,R5_S36,13.073679137341484,80.28130642930486,2025-07-24 11:00:00
R5,R5_S37,13.078220855203131,80.2579416791343,2025-07-24 11:05:00
R5,R5_S38,13.099344402539483,80.28631906424766,2025-07-24 11:10:00
R5,R5_S39,13.085780505395041,80.26678351432578,2025-07-24 11:15:00
R5,R5_S40,13.077464556187133,80.27032643158759,2025-07-24 11:20:00
R5,R5_S41,13.085252733874137,80.28115896715497,2025-07-24 11:25:00
R5,R5_S42,13.064551269556258,80.29006389302569,2025-07-24 11:30:00
R5,R5_S43,13.093260568090662,80.2729323891413,2025-07-24 11:35:00
R5,R5_S44,13.09787520109064,80.2876532953287,2025-07-24 11:40:00
R5,R5_S45,13.068853533793055,80.28033088998214,2025-07-24 11:45:00
R5,R5_S46,13.08863556722281,80.24129611365336,2025-07-24 11:50:00
R5,R5_S47,13.102270636405418,80.2682858558958,2025-07-24 11:55:00
R5,R5_S48,13.096959365814792,80.28378224077827,2025-07-24 12:00:00
R5,R5_S49,13.092231250453763,80.27583085420098,2025-07-24 12:05:00
R5,R5_S50,13.084505832066084,80.27215238716782,2025-07-24 12:10:00
R5,R5_S51,13.074497586705514,80.2704597214192,2025-07-24 12:15:00
R5,R5_S52,13.087403223105284,80.25214162229051,2025-07-24 12:20:00
R5,R5_S53,13.086606131777295,80.27862932940486,2025-07-24 12:25:00
R5,R5_S54,13.081086356269905,80.26360427707047,2025-07-24 12:30:00
R5,R5_S55,13.066773989156564,80.2631245028876,2025-07-24 12:35:00
R5,R5_S56,13.080054851586894,80.25066137635594,2025-07-24 12:40:00
R5,R5_S57,13.097512385485889,80.26591422555379,2025-07-24 12:45:00
R5,R5_S58,13.10070511181511,80.2830894635294,2025-07-24 12:50:00
R5,R5_S59,13.091133726221571,80.27629449075995,2025-07-24 12:55:00
R5,R5_S60,13.08662415967179,80.26561036374294,2025-07-24 13:00:00
R5,R5_S61,13.0860523868707,80.26122507865027,2025-07-24 13:05:00
R5,R5_S62,13.079421052834872,80.27225190683859,2025-07-24 13:10:00
R5,R5_S63,13.08454900816929,80.260170349216,2025-07-24 13:15:00
R5,R5_S64,13.08110405438175,80.2801497166539,2025-07-24 13:20:00
R5,R5_S65,13.075207930422858,80.27411728914741,2025-07-24 13:25:00
R5,R5_S66,13.096927481361,80.27996215402243,2025-07-24 13:30:00
R5,R5_S67,13.076117265567987,80.26676242683527,2025-07-24 13:35:00
R5,R5_S68,13.084733029435691,80.26785316964327,2025-07-24 13:40:00
R5,R5_S69,13.058447857221275,80.27039828333372,2025-07-24 13:45:00
R5,R5_S70,13.095406995850922,80.27700815849145,2025-07-24 13:50:00
R5,R5_S71,13.078733378401783,80.27552524048829,2025-07-24 13:55:00
R5,R5_S72,13.094194234360014,80.27643132052692,2025-07-24 14:00:00
R5,R5_S73,13.074003369187254,80.28195434784415,2025-07-24 14:05:00
R5,R5_S74,13.107372037108126,80.2607764171351,2025-07-24 14:10:00
R5,R5_S75,13.065261518833672,80.27189018406054,2025-07-24 14:15:00
R5,R5_S76,13.084464873103627,80.27152329886718,2025-07-24 14:20:00
R5,R5_S77,13.082507396202656,80.26807109170792,2025-07-24 14:25:00
R5,R5_S78,13.080010054926968,80.2863517193253,2025-07-24 14:30:00
R5,R5_S79,13.080323048753105,80.27262234764196,2025-07-24 14:35:00
R5,R5_S80,13.088987158608004,80.25843517910192,2025-07-24 14:40:00
R5,R5_S81,13.084347608412367,80.27120887701857,2025-07-24 14:45:00
R5,R5_S82,13.073356483914216,80.26403761275742,2025-07-24 14:50:00
R5,R5_S83,13.099414828911822,80.26962440868141,2025-07-24 14:55:00
R5,R5_S84,13.103964355889733,80.27502976682729,2025-07-24 15:00:00
R5,R5_S85,13.070098352348275,80.26453638591961,2025-07-24 15:05:00
R5,R5_S86,13.078095933843608,80.27934744691642,2025-07-24 15:10:00
R5,R5_S87,13.093928639537339,80.27587543775813,2025-07-24 15:15:00
R5,R5_S88,13.092573345165892,80.26994048976358,2025-07-24 15:20:00
R5,R5_S89,13.082651753780949,80.27843013362255,2025-07-24 15:25:00
R5,R5_S90,13.082738030761233,80.25443680646039,2025-07-24 15:30:00
R5,R5_S91,13.069624256161092,80.27261660891735,2025-07-24 15:35:00
R5,R5_S92,13.068460428475499,80.26803347670766,2025-07-24 15:40:00
R5,R5_S93,13.08555918660476,80.26251003309842,2025-07-24 15:45:00
R5,R5_S94,13.083179614459816,80.2740184386326,2025-07-24 15:50:00
R5,R5_S95,13.077643436400626,80.26497413336155,2025-07-24 15:55:00
R5,R5_S96,13.086958872061931,80.27089147777416,2025-07-24 16:00:00
R5,R5_S97,13.075409208368974,80.28117912969131,2025-07-24 16:05:00
R5,R5_S98,13.085021559497422,80.25866867397984,2025-07-24 16:10:00
R5,R5_S99,13.08733443072361,80.27616522630973,2025-07-24 16:15:00
R5,R5_S100,13.08330321914533,80.25746728976895,2025-07-24 16:20:00
R6,R6_S1,13.082502509064655,80.26583420109327,2025-07-24 08:05:00
R6,R6_S2,13.082627999542098,80.27685030193773,2025-07-24 08:10:00
R6,R6_S3,13.096896030045137,80.26469576434262,2025-07-24 08:15:00
R6,R6_S4,13.06429670963766,80.28680171529379,2025-07-24 08:20:00
R6,R6_S5,13.084839038682016,80.26880586329018,2025-07-24 08:25:00
R6,R6_S6,13.064455591133235,80.26308354093862,2025-07-24 08:30:00
R6,R6_S7,13.08080879609223,80.27991650111925,2025-07-24 08:35:00
R6,R6_S8,13.086790280537427,80.25744490088319,2025-07-24 08:40:00
R6,R6_S9,13.083621795096366,80.26753441647737,2025-07-24 08:45:00
R6,R6_S10,13.05665786143373,80.27268948146796,2025-07-24 08:50:00
R6,R6_S11,13.091694350407558,80.278145840272,2025-07-24 08:55:00
R6,R6_S12,13.083794706040473,80.2812252894135,2025-07-24 09:00:00
R6,R6_S13,13.092230241471453,80.24862436274711,2025-07-24 09:05:00
R6,R6_S14,13.075942919208385,80.27104152417489,2025-07-24 09:10:00
R6,R6_S15,13.076762046777437,80.26104242584394,2025-07-24 09:15:00
R6,R6_S16,13.080182693180076,80.28203623471859,2025-07-24 09:20:00
R6,R6_S17,13.074160602916123,80.26146474608231,2025-07-24 09:25:00
R6,R6_S18,13.068932702974964,80.26605778902567,2025-07-24 09:30:00
R6,R6_S19,13.076715740646565,80.27298576527518,2025-07-24 09:35:00
R6,R6_S20,13.084032572338614,80.2532077995699,2025-07-24 09:40:00
R6,R6_S21,13.089204500925362,80.25566919698241,2025-07-24 09:45:00
R6,R6_S22,13.097267099500618,80.27381814183478,2025-07-24 09:50:00
R6,R6_S23,13.09351942059741,80.28065532469084,2025-07-24 09:55:00
R6,R6_S24,13.080650762082259,80.27002122227927,2025-07-24 10:00:00
R6,R6_S25,13.087095012306204,80.27848936503513,2025-07-24 10:05:00
R6,R6_S26,13.063895569448752,80.27563172003202,2025-07-24 10:10:00
R6,R6_S27,13.079760330523358,80.26998400748143,2025-07-24 10:15:00
R6,R6_S28,13.101522922338344,80.27079931019733,2025-07-24 10:20:00
R6,R6_S29,13.100892231832997,80.27109936397216,2025-07-24 10:25:00
R6,R6_S30,13.084571640204862,80.27299926467894,2025-07-24 10:30:00
R6,R6_S31,13.086465740151391,80.27879857841637,2025-07-24 10:35:00
R6,R6_S32,13.08297054040689,80.2717186070638,2025-07-24 10:40:00
R6,R6_S33,13.064937647671018,80.27478652811482,2025-07-24 10:45:00
R6,R6_S34,13.081577525330484,80.27772953791907,2025-07-24 10:50:00
R6,R6_S35,13.075663454504335,80.2800197975496,2025-07-24 10:55:00
R6,R6_S36,13.084347437874644,80.27029481649964,2025-07-24 11:00:00
R6,R6_S37,13.07910231354211,80.25743952313918,2025-07-24 11:05:00
R6,R6_S38,13.08694473094248,80.26901906534036,2025-07-24 11:10:00
R6,R6_S39,13.09783597974653,80.26456639187482,2025-07-24 11:15:00
R6,R6_S40,13.074728572755935,80.27106874804187,2025-07-24 11:20:00
R6,R6_S41,13.073481401868747,80.26066042627919,2025-07-24 11:25:00
R6,R6_S42,13.070840889907672,80.2741489700825,2025-07-24 11:30:00
R6,R6_S43,13.09768582572012,80.28317756834076,2025-07-24 11:35:00
R6,R6_S44,13.071474551937557,80.26152497178987,2025-07-24 11:40:00
R6,R6_S45,13.081361110734344,80.26063020526554,2025-07-24 11:45:00
R6,R6_S46,13.0805508964485,80.27346793449325,2025-07-24 11:50:00
R6,R6_S47,13.084120558115941,80.26569118558699,2025-07-24 11:55:00
R6,R6_S48,13.088420574417142,80.27007808983001,2025-07-24 12:00:00
R6,R6_S49,13.074386005327327,80.27767586600348,2025-07-24 12:05:00
R6,R6_S50,13.07405608929086,80.26929072085723,2025-07-24 12:10:00
R6,R6_S51,13.085308890646822,80.2736712735212,2025-07-24 12:15:00
R6,R6_S52,13.100195839042055,80.28451454078692,2025-07-24 12:20:00
R6,R6_S53,13.088571376842129,80.25941526370254,2025-07-24 12:25:00
R6,R6_S54,13.09865609823011,80.28704195266577,2025-07-24 12:30:00
R6,R6_S55,13.087696851103031,80.2754200227092,2025-07-24 12:35:00
R6,R6_S56,13.096870204129818,80.27751339503186,2025-07-24 12:40:00
R6,R6_S57,13.078763905626515,80.28539798926278,2025-07-24 12:45:00
R6,R6_S58,13.07484013967365,80.25688955396846,2025-07-24 12:50:00
R6,R6_S59,13.078496048776385,80.28432617026614,2025-07-24 12:55:00
R6,R6_S60,13.066546335487233,80.25034469157183,2025-07-24 13:00:00
R6,R6_S61,13.082726853407548,80.24368164865851,2025-07-24 13:05:00
R6,R6_S62,13.082953884205425,80.25150326843803,2025-07-24 13:10:00
R6,R6_S63,13.075890489241933,80.261682184133,2025-07-24 13:15:00
R6,R6_S64,13.088127043979767,80.26031140210213,2025-07-24 13:20:00
R6,R6_S65,13.096294114199615,80.26830876305497,2025-07-24 13:25:00
R6,R6_S66,13.069189256337921,80.25747542043257,2025-07-24 13:30:00
R6,R6_S67,13.088857007293626,80.26504826368395,2025-07-24 13:35:00
R6,R6_S68,13.089776364237085,80.27079038186513,2025-07-24 13:40:00
R6,R6_S69,13.085782608405626,80.24913399303368,2025-07-24 13:45:00
R6,R6_S70,13.086900944904519,80.27676850593217,2025-07-24 13:50:00
R6,R6_S71,13.059483695933002,80.26004300282645,2025-07-24 13:55:00
R6,R6_S72,13.098648553486983,80.26603450068266,2025-07-24 14:00:00
R6,R6_S73,13.070242826235537,80.27124934111,2025-07-24 14:05:00
R6,R6_S74,13.072970502206834,80.27279446932297,2025-07-24 14:10:00
R6,R6_S75,13.081239131784685,80.26477073466953,2025-07-24 14:15:00
R6,R6_S76,13.085285219147197,80.27108233435217,2025-07-24 14:20:00
R6,R6_S77,13.101409651753718,80.27459614177371,2025-07-24 14:25:00
R6,R6_S78,13.08800191307343,80.25111558457866,2025-07-24 14:30:00
R6,R6_S79,13.08227798605688,80.29001439151128,2025-07-24 14:35:00
R6,R6_S80,13.072741846052098,80.27721136241824,2025-07-24 14:40:00
R6,R6_S81,13.088073156575444,80.2840435032595,2025-07-24 14:45:00
R6,R6_S82,13.1029862892427,80.28028476527605,2025-07-24 14:50:00
R6,R6_S83,13.091854170212304,80.28143377922316,2025-07-24 14:55:00
R6,R6_S84,13.082168793469826,80.2829356888242,2025-07-24 15:00:00
R6,R6_S85,13.08603727863562,80.26772389037883,2025-07-24 15:05:00
R6,R6_S86,13.100275837722318,80.25996464714925,2025-07-24 15:10:00
R6,R6_S87,13.076632997052348,80.2728128369228,2025-07-24 15:15:00
R6,R6_S88,13.07192128188623,80.26381282333577,2025-07-24 15:20:00
R6,R6_S89,13.07384900291833,80.28527078625537,2025-07-24 15:25:00
R6,R6_S90,13.080868060817782,80.27721161460653,2025-07-24 15:30:00
R6,R6_S91,13.085385339864649,80.28583009266005,2025-07-24 15:35:00
R6,R6_S92,13.096083637314464,80.259403497704,2025-07-24 15:40:00
R6,R6_S93,13.078269559788716,80.26590507032601,2025-07-24 15:45:00
R6,R6_S94,13.08909269537857,80.25603792169105,2025-07-24 15:50:00
R6,R6_S95,13.101346250568232,80.2817992959588,2025-07-24 15:55:00
R6,R6_S96,13.074649426076567,80.28575415600508,2025-07-24 16:00:00
R6,R6_S97,13.0789949190141,80.25664432980822,2025-07-24 16:05:00
R6,R6_S98,13.072297082717725,80.27310424876839,2025-07-24 16:10:00
R6,R6_S99,13.091966055080444,80.25971449159194,2025-07-24 16:15:00
R6,R6_S100,13.070944053943752,80.26174930157724,2025-07-24 16:20:00
R7,R7_S1,13.093093950530422,80.27566664734228,2025-07-24 08:05:00
R7,R7_S2,13.073205756732744,80.28504734979664,2025-07-24 08:10:00
R7,R7_S3,13.086196500472997,80.25505197228638,2025-07-24 08:15:00
R7,R7_S4,13.069121775379624,80.26747435215898,2025-07-24 08:20:00
R7,R7_S5,13.078008509699742,80.27714628246318,2025-07-24 08:25:00
R7,R7_S6,13.09026788679987,80.27682468794013,2025-07-24 08:30:00
R7,R7_S7,13.080791825945457,80.27033120438657,2025-07-24 08:35:00
R7,R7_S8,13.096049032478435,80.276997498784,2025-07-24 08:40:00
R7,R7_S9,13.085193085956417,80.28115088474085,2025-07-24 08:45:00
R7,R7_S10,13.100387717832595,80.26577856484805,2025-07-24 08:50:00
R7,R7_S11,13.079555939884465,80.28028288429705,2025-07-24 08:55:00
R7,R7_S12,13.057528568579038,80.25712209104742,2025-07-24 09:00:00
R7,R7_S13,13.089618098218338,80.28667372789953,2025-07-24 09:05:00
R7,R7_S14,13.092082219976557,80.26715062548568,2025-07-24 09:10:00
R7,R7_S15,13.092814630354084,80.28411475915532,2025-07-24 09:15:00
R7,R7_S16,13.070639997989277,80.27443493269402,2025-07-24 09:20:00
R7,R7_S17,13.079348622188286,80.2741233783449,2025-07-24 09:25:00
R7,R7_S18,13.101759413484576,80.26606832386928,2025-07-24 09:30:00
R7,R7_S19,13.071668172426918,80.267574572629,2025-07-24 09:35:00
R7,R7_S20,13.084414618412266,80.2676961825948,2025-07-24 09:40:00
R7,R7_S21,13.081960524343916,80.26618340523841,2025-07-24 09:45:00
R7,R7_S22,13.090800806519093,80.25992125897032,2025-07-24 09:50:00
R7,R7_S23,13.081035308717649,80.27281878678653,2025-07-24 09:55:00
R7,R7_S24,13.085231652380381,80.27890344012613,2025-07-24 10:00:00
R7,R7_S25,13.080875790028477,80.26585371235997,2025-07-24 10:05:00
R7,R7_S26,13.080641405691198,80.2632342165346,2025-07-24 10:10:00
R7,R7_S27,13.095019844712697,80.2453261140393,2025-07-24 10:15:00
R7,R7_S28,13.07821283431335,80.281604343414,2025-07-24 10:20:00
R7,R7_S29,13.088650294658356,80.26512576946892,2025-07-24 10:25:00
R7,R7_S30,13.063519003994964,80.26919895778416,2025-07-24 10:30:00
R7,R7_S31,13.097820160000058,80.2695410793864,2025-07-24 10:35:00
R7,R7_S32,13.08174535752911,80.25293753666534,2025-07-24 10:40:00
R7,R7_S33,13.0708413945287,80.24748043582659,2025-07-24 10:45:00
R7,R7_S34,13.084439611496858,80.26030926433609,2025-07-24 10:50:00
R7,R7_S35,13.082175955494225,80.28774105516256,2025-07-24 10:55:00
R7,R7_S36,13.084752668936012,80.26807703987811,2025-07-24 11:00:00
R7,R7_S37,13.07778438841402,80.27414945001547,2025-07-24 11:05:00
R7,R7_S38,13.093676249648613,80.27108300587523,2025-07-24 11:10:00
R7,R7_S39,13.097469344261183,80.25902220448732,2025-07-24 11:15:00
R7,R7_S40,13.08502594908228,80.26850249504157,2025-07-24 11:20:00
R7,R7_S41,13.09651783897452,80.28943020623576,2025-07-24 11:25:00
R7,R7_S42,13.094879591523057,80.26556803635486,2025-07-24 11:30:00
R7,R7_S43,13.08789614459848,80.28698345959391,2025-07-24 11:35:00
R7,R7_S44,13.089401000401253,80.28435817752563,2025-07-24 11:40:00
R7,R7_S45,13.076326922529713,80.27528386703553,2025-07-24 11:45:00
R7,R7_S46,13.07270247198912,80.26286477815866,2025-07-24 11:50:00
R7,R7_S47,13.090121528043765,80.28068816644779,2025-07-24 11:55:00
R7,R7_S48,13.086297367643576,80.27238706261096,2025-07-24 12:00:00
R7,R7_S49,13.076706335061598,80.25959996428115,2025-07-24 12:05:00
R7,R7_S50,13.098043635334411,80.26892363294616,2025-07-24 12:10:00
R7,R7_S51,13.074926099241411,80.27763324690333,2025-07-24 12:15:00
R7,R7_S52,13.08519178671714,80.26176506766113,2025-07-24 12:20:00
R7,R7_S53,13.070162998701019,80.2753266613682,2025-07-24 12:25:00
R7,R7_S54,13.08548619192066,80.25642666410485,2025-07-24 12:30:00
R7,R7_S55,13.076300081832226,80.2690377851529,2025-07-24 12:35:00
R7,R7_S56,13.06596515200324,80.2641331520989,2025-07-24 12:40:00
R7,R7_S57,13.081537709568781,80.27284713183171,2025-07-24 12:45:00
R7,R7_S58,13.091435164244698,80.2557773121334,2025-07-24 12:50:00
R7,R7_S59,13.07307312967892,80.26089012801671,2025-07-24 12:55:00
R7,R7_S60,13.096599640686042,80.26766240218481,2025-07-24 13:00:00
R7,R7_S61,13.066305158374746,80.2667752889394,2025-07-24 13:05:00
R7,R7_S62,13.078015661517197,80.25915305257368,2025-07-24 13:10:00
R7,R7_S63,13.08355209449634,80.240788640291,2025-07-24 13:15:00
R7,R7_S64,13.085342978219755,80.27795199472673,2025-07-24 13:20:00
R7,R7_S65,13.088360859827443,80.27769013620014,2025-07-24 13:25:00
R7,R7_S66,13.08997080020451,80.27513273298007,2025-07-24 13:30:00
R7,R7_S67,13.09405620147183,80.25963706487589,2025-07-24 13:35:00
R7,R7_S68,13.074338930041204,80.25185213640984,2025-07-24 13:40:00
R7,R7_S69,13.085894012335956,80.2719931759815,2025-07-24 13:45:00
R7,R7_S70,13.091813627221748,80.27175753791272,2025-07-24 13:50:00
R7,R7_S71,13.073576125474878,80.27258467729067,2025-07-24 13:55:00
R7,R7_S72,13.09662545253726,80.25020876113547,2025-07-24 14:00:00
R7,R7_S73,13.071397962753261,80.29481676675579,2025-07-24 14:05:00
R7,R7_S74,13.092586805603448,80.27388105056053,2025-07-24 14:10:00
R7,R7_S75,13.065256692807218,80.27652244477564,2025-07-24 14:15:00
R7,R7_S76,13.078563944665785,80.2895768765734,2025-07-24 14:20:00
R7,R7_S77,13.086859766212179,80.26272006597819,2025-07-24 14:25:00
R7,R7_S78,13.061056901321523,80.26741400561909,2025-07-24 14:30:00
R7,R7_S79,13.07085695048981,80.27267326350615,2025-07-24 14:35:00
R7,R7_S80,13.07818841141591,80.27621740799911,2025-07-24 14:40:00
R7,R7_S81,13.090205361154354,80.27768220836136,2025-07-24 14:45:00
R7,R7_S82,13.086060711679258,80.2902717453364,2025-07-24 14:50:00
R7,R7_S83,13.090346983346647,80.2582876609264,2025-07-24 14:55:00
R7,R7_S84,13.079274507991423,80.27240463770997,2025-07-24 15:00:00
R7,R7_S85,13.093018679825349,80.28415803267363,2025-07-24 15:05:00
R7,R7_S86,13.086733003902454,80.27497617281585,2025-07-24 15:10:00
R7,R7_S87,13.082059389614662,80.27599893154884,2025-07-24 15:15:00
R7,R7_S88,13.081044718486467,80.26390615430194,2025-07-24 15:20:00
R7,R7_S89,13.083690690759235,80.25552693784321,2025-07-24 15:25:00
R7,R7_S90,13.100249330716473,80.27088401630785,2025-07-24 15:30:00
R7,R7_S91,13.077680282926353,80.26806745169736,2025-07-24 15:35:00
R7,R7_S92,13.098963804056687,80.26567380386169,2025-07-24 15:40:00
R7,R7_S93,13.078732550210058,80.26804224303547,2025-07-24 15:45:00
R7,R7_S94,13.082134115111002,80.28288970789794,2025-07-24 15:50:00
R7,R7_S95,13.086079337206348,80.2681960135263,2025-07-24 15:55:00
R7,R7_S96,13.097776335589138,80.26377847787924,2025-07-24 16:00:00
R7,R7_S97,13.071981431977676,80.26896720708227,2025-07-24 16:05:00
R7,R7_S98,13.09919480894324,80.2814061055998,2025-07-24 16:10:00
R7,R7_S99,13.080734778805727,80.28019173706429,2025-07-24 16:15:00
R7,R7_S100,13.079421764736574,80.26731506035708,2025-07-24 16:20:00
R8,R8_S1,13.080757308680216,80.26314208499842,2025-07-24 08:05:00
R8,R8_S2,13.082308276293938,80.27007444914013,2025-07-24 08:10:00
R8,R8_S3,13.081306027993369,80.27809653151725,2025-07-24 08:15:00
R8,R8_S4,13.07578625502586,80.28115134548385,2025-07-24 08:20:00
R8,R8_S5,13.086143842173787,80.26995631401182,2025-07-24 08:25:00
R8,R8_S6,13.09834269518946,80.27481026654819,2025-07-24 08:30:00
R8,R8_S7,13.080863369674976,80.26235236610609,2025-07-24 08:35:00
R8,R8_S8,13.089056615967511,80.26521250866585,2025-07-24 08:40:00
R8,R8_S9,13.072623993053401,80.2609707911401,2025-07-24 08:45:00
R8,R8_S10,13.053630117806785,80.26695177943378,2025-07-24 08:50:00
R8,R8_S11,13.085221673504757,80.25883930768602,2025-07-24 08:55:00
R8,R8_S12,13.099556654248921,80.27411700383631,2025-07-24 09:00:00
R8,R8_S13,13.098377961311966,80.262104999602,2025-07-24 09:05:00
R8,R8_S14,13.069761805981956,80.25835878864991,2025-07-24 09:10:00
R8,R8_S15,13.068032148093844,80.26568597853115,2025-07-24 09:15:00
R8,R8_S16,13.073159608644557,80.27180259117489,2025-07-24 09:20:00
R8,R8_S17,13.096714290022662,80.25928328178261,2025-07-24 09:25:00
R8,R8_S18,13.08515896826913,80.24116924899349,2025-07-24 09:30:00
R8,R8_S19,13.078603134073706,80.27782322159581,2025-07-24 09:35:00
R8,R8_S20,13.103843317147302,80.26116581097622,2025-07-24 09:40:00
R8,R8_S21,13.0845517553683,80.27495444864185,2025-07-24 09:45:00
R8,R8_S22,13.08825588684669,80.29499282642952,2025-07-24 09:50:00
R8,R8_S23,13.089334477291516,80.26345753467942,2025-07-24 09:55:00
R8,R8_S24,13.081319481500277,80.26784360432502,2025-07-24 10:00:00
R8,R8_S25,13.096405361439968,80.27765202900085,2025-07-24 10:05:00
R8,R8_S26,13.076128501692116,80.27412351179031,2025-07-24 10:10:00
R8,R8_S27,13.079532348940644,80.27047422058907,2025-07-24 10:15:00
R8,R8_S28,13.097993668083483,80.26974714652856,2025-07-24 10:20:00
R8,R8_S29,13.092774439731953,80.25815077331998,2025-07-24 10:25:00
R8,R8_S30,13.082129095541866,80.26872282657723,2025-07-24 10:30:00
R8,R8_S31,13.088983820360378,80.26830492631235,2025-07-24 10:35:00
R8,R8_S32,13.066778564722057,80.2794417691724,2025-07-24 10:40:00
R8,R8_S33,13.073889316633387,80.26357779236352,2025-07-24 10:45:00
R8,R8_S34,13.094350321048395,80.25824406088385,2025-07-24 10:50:00
R8,R8_S35,13.081961540728356,80.2786657550753,2025-07-24 10:55:00
R8,R8_S36,13.098051487200076,80.26413044823602,2025-07-24 11:00:00
R8,R8_S37,13.0711783062048,80.2724803073468,2025-07-24 11:05:00
R8,R8_S38,13.098287212128435,80.25982927623431,2025-07-24 11:10:00
R8,R8_S39,13.082384876755771,80.27344741902746,2025-07-24 11:15:00
R8,R8_S40,13.081796259688817,80.28047318516064,2025-07-24 11:20:00
R8,R8_S41,13.099463930272083,80.26124493120058,2025-07-24 11:25:00
R8,R8_S42,13.09618147848607,80.26305054759122,2025-07-24 11:30:00
R8,R8_S43,13.09305724642583,80.27889728331691,2025-07-24 11:35:00
R8,R8_S44,13.083878845061035,80.26898649007197,2025-07-24 11:40:00
R8,R8_S45,13.103560470495372,80.26055240506814,2025-07-24 11:45:00
R8,R8_S46,13.09509012992016,80.29754345742424,2025-07-24 11:50:00
R8,R8_S47,13.074166966931738,80.27155284233494,2025-07-24 11:55:00
R8,R8_S48,13.093738773433163,80.27545167746496,2025-07-24 12:00:00
R8,R8_S49,13.07432290568105,80.25990607542902,2025-07-24 12:05:00
R8,R8_S50,13.071663621287508,80.27205632008777,2025-07-24 12:10:00
R8,R8_S51,13.089760789138152,80.26827318723188,2025-07-24 12:15:00
R8,R8_S52,13.088968336570282,80.27256487953967,2025-07-24 12:20:00
R8,R8_S53,13.084880250921326,80.2609118575392,2025-07-24 12:25:00
R8,R8_S54,13.07463781833191,80.27006626832369,2025-07-24 12:30:00
R8,R8_S55,13.073422158909393,80.26830623148491,2025-07-24 12:35:00
R8,R8_S56,13.097833445021395,80.28551515792842,2025-07-24 12:40:00
R8,R8_S57,13.098516989681215,80.26486436527685,2025-07-24 12:45:00
R8,R8_S58,13.107145827525827,80.26527717662238,2025-07-24 12:50:00
R8,R8_S59,13.074314068470363,80.26566443374183,2025-07-24 12:55:00
R8,R8_S60,13.104350560678068,80.28260548594344,2025-07-24 13:00:00
R8,R8_S61,13.074144327635768,80.26042063238927,2025-07-24 13:05:00
R8,R8_S62,13.06693003517809,80.26267175556049,2025-07-24 13:10:00
R8,R8_S63,13.096440213421332,80.2552718685793,2025-07-24 13:15:00
R8,R8_S64,13.068370608793145,80.270819282374,2025-07-24 13:20:00
R8,R8_S65,13.087614294527203,80.276397603572,2025-07-24 13:25:00
R8,R8_S66,13.072868778654183,80.25451194691142,2025-07-24 13:30:00
R8,R8_S67,13.109035379400318,80.27601744883127,2025-07-24 13:35:00
R8,R8_S68,13.086686951836223,80.26580760767001,2025-07-24 13:40:00
R8,R8_S69,13.075950659812095,80.26666924010935,2025-07-24 13:45:00
R8,R8_S70,13.080925795617915,80.25714470500424,2025-07-24 13:50:00
R8,R8_S71,13.08595840852148,80.28278347817574,2025-07-24 13:55:00
R8,R8_S72,13.058358236141576,80.25559769754584,2025-07-24 14:00:00
R8,R8_S73,13.082550632226793,80.26735151516395,2025-07-24 14:05:00
R8,R8_S74,13.067256226466517,80.27202272790498,2025-07-24 14:10:00
R8,R8_S75,13.074109724611313,80.2788354803997,2025-07-24 14:15:00
R8,R8_S76,13.053405513099978,80.29122972024503,2025-07-24 14:20:00
R8,R8_S77,13.080385150139998,80.270579879267,2025-07-24 14:25:00
R8,R8_S78,13.077549917236444,80.26747641449155,2025-07-24 14:30:00
R8,R8_S79,13.078154522812566,80.26851346722566,2025-07-24 14:35:00
R8,R8_S80,13.090549905788462,80.28186275663755,2025-07-24 14:40:00
R8,R8_S81,13.079362211291611,80.26057726643164,2025-07-24 14:45:00
R8,R8_S82,13.09417539213594,80.26341478445985,2025-07-24 14:50:00
R8,R8_S83,13.072594017800713,80.26554781606193,2025-07-24 14:55:00
R8,R8_S84,13.068761689561871,80.26503871411393,2025-07-24 15:00:00
R8,R8_S85,13.079435461109494,80.26316815875597,2025-07-24 15:05:00
R8,R8_S86,13.0926019475649,80.27494756181133,2025-07-24 15:10:00
R8,R8_S87,13.08192638652381,80.28828417857379,2025-07-24 15:15:00
R8,R8_S88,13.087702404694367,80.26536399693562,2025-07-24 15:20:00
R8,R8_S89,13.074985303547786,80.28466961580459,2025-07-24 15:25:00
R8,R8_S90,13.07719381473398,80.2914767713292,2025-07-24 15:30:00
R8,R8_S91,13.073043351964769,80.28699166364902,2025-07-24 15:35:00
R8,R8_S92,13.05642934643192,80.26548598908182,2025-07-24 15:40:00
R8,R8_S93,13.09013312129543,80.25848504936934,2025-07-24 15:45:00
R8,R8_S94,13.089489469877623,80.26257597651063,2025-07-24 15:50:00
R8,R8_S95,13.08316771430841,80.26962847118965,2025-07-24 15:55:00
R8,R8_S96,13.089269471123243,80.27898066076372,2025-07-24 16:00:00
R8,R8_S97,13.088593493773782,80.26808637217674,2025-07-24 16:05:00
R8,R8_S98,13.064299222554943,80.27037719388952,2025-07-24 16:10:00
R8,R8_S99,13.075984378994159,80.27182948032443,2025-07-24 16:15:00
R8,R8_S100,13.082318599145584,80.27119802790904,2025-07-24 16:20:00
R9,R9_S1,13.094468562436187,80.27554520345478,2025-07-24 08:05:00
R9,R9_S2,13.06999938911288,80.27356955854302,2025-07-24 08:10:00
R9,R9_S3,13.071490417747937,80.25051246293417,2025-07-24 08:15:00
R9,R9_S4,13.075449032790258,80.27270014851172,2025-07-24 08:20:00
R9,R9_S5,13.06681052717084,80.28550108791956,2025-07-24 08:25:00
R9,R9_S6,13.105736387521048,80.25590555776861,2025-07-24 08:30:00
R9,R9_S7,13.078724873610902,80.26754217623561,2025-07-24 08:35:00
R9,R9_S8,13.078771978034808,80.25707088586651,2025-07-24 08:40:00
R9,R9_S9,13.074901470537785,80.2815198480925,2025-07-24 08:45:00
R9,R9_S10,13.067296625068787,80.2567620663353,2025-07-24 08:50:00
R9,R9_S11,13.086519664575242,80.26248530470971,2025-07-24 08:55:00
R9,R9_S12,13.074554957892385,80.28454324418155,2025-07-24 09:00:00
R9,R9_S13,13.074356769545085,80.27834029781573,2025-07-24 09:05:00
R9,R9_S14,13.087542575665944,80.27603746103742,2025-07-24 09:10:00
R9,R9_S15,13.095077244855291,80.28448901699846,2025-07-24 09:15:00
R9,R9_S16,13.074589991363712,80.25955953549838,2025-07-24 09:20:00
R9,R9_S17,13.07705018088968,80.27493212374458,2025-07-24 09:25:00
R9,R9_S18,13.078756727007649,80.26918146638275,2025-07-24 09:30:00
R9,R9_S19,13.078776789974873,80.26895603681656,2025-07-24 09:35:00
R9,R9_S20,13.09473047852206,80.2784542373309,2025-07-24 09:40:00
R9,R9_S21,13.083039676123516,80.27238922623333,2025-07-24 09:45:00
R9,R9_S22,13.082053113949677,80.27142874098016,2025-07-24 09:50:00
R9,R9_S23,13.08208446662065,80.2702781029954,2025-07-24 09:55:00
R9,R9_S24,13.069253509725307,80.27281600380589,2025-07-24 10:00:00
R9,R9_S25,13.09545390737999,80.26918285566423,2025-07-24 10:05:00
R9,R9_S26,13.087430509282333,80.28007327291822,2025-07-24 10:10:00
R9,R9_S27,13.07489044808134,80.26646224544392,2025-07-24 10:15:00
R9,R9_S28,13.093351719657145,80.28522616745487,2025-07-24 10:20:00
R9,R9_S29,13.092665246338967,80.26340335376179,2025-07-24 10:25:00
R9,R9_S30,13.086940668615185,80.27109447048241,2025-07-24 10:30:00
R9,R9_S31,13.07900302944029,80.26704901777259,2025-07-24 10:35:00
R9,R9_S32,13.075989245730936,80.26940754742049,2025-07-24 10:40:00
R9,R9_S33,13.092655815140022,80.28773172609918,2025-07-24 10:45:00
R9,R9_S34,13.087014538339949,80.27948195463753,2025-07-24 10:50:00
R9,R9_S35,13.083543238272423,80.28721236578687,2025-07-24 10:55:00
R9,R9_S36,13.077965378768246,80.27750765748657,2025-07-24 11:00:00
R9,R9_S37,13.075553193230096,80.27591279905015,2025-07-24 11:05:00
R9,R9_S38,13.072343776525248,80.28177064236066,2025-07-24 11:10:00
R9,R9_S39,13.097255808184894,80.27877461835612,2025-07-24 11:15:00
R9,R9_S40,13.099320103962722,80.26737742255311,2025-07-24 11:20:00
R9,R9_S41,13.085473584619647,80.27047721020817,2025-07-24 11:25:00
R9,R9_S42,13.09179651539559,80.26359813050559,2025-07-24 11:30:00
R9,R9_S43,13.085584111487162,80.26507307975561,2025-07-24 11:35:00
R9,R9_S44,13.069308382644635,80.27229743367052,2025-07-24 11:40:00
R9,R9_S45,13.064388551216618,80.25841556168734,2025-07-24 11:45:00
R9,R9_S46,13.078138942648595,80.28035133590573,2025-07-24 11:50:00
R9,R9_S47,13.085863583215362,80.26184751313876,2025-07-24 11:55:00
R9,R9_S48,13.081776586370083,80.2577921113385,2025-07-24 12:00:00
R9,R9_S49,13.0983986643626,80.27138637048428,2025-07-24 12:05:00
R9,R9_S50,13.068814574461689,80.25469728895497,2025-07-24 12:10:00
R9,R9_S51,13.073358522868922,80.27683958408271,2025-07-24 12:15:00
R9,R9_S52,13.09060378525043,80.28370526858596,2025-07-24 12:20:00
R9,R9_S53,13.076365220075632,80.27734387534237,2025-07-24 12:25:00
R9,R9_S54,13.078871828103871,80.26946271053725,2025-07-24 12:30:00
R9,R9_S55,13.083037253917622,80.28953082253071,2025-07-24 12:35:00
R9,R9_S56,13.095847798255965,80.26504488711782,2025-07-24 12:40:00
R9,R9_S57,13.074861718700763,80.29170978772778,2025-07-24 12:45:00
R9,R9_S58,13.094518910929601,80.27550908092749,2025-07-24 12:50:00
R9,R9_S59,13.068680919322839,80.283901841972,2025-07-24 12:55:00
R9,R9_S60,13.066999767069206,80.27385853449948,2025-07-24 13:00:00
R9,R9_S61,13.089915290294574,80.27177315914662,2025-07-24 13:05:00
R9,R9_S62,13.073815367976414,80.27685778849089,2025-07-24 13:10:00
R9,R9_S63,13.05689628344035,80.2758354902502,2025-07-24 13:15:00
R9,R9_S64,13.079044940630148,80.26918700779768,2025-07-24 13:20:00
R9,R9_S65,13.084848957538384,80.25662957786459,2025-07-24 13:25:00
R9,R9_S66,13.072087064682886,80.27024535023871,2025-07-24 13:30:00
R9,R9_S67,13.101455714600345,80.28689068481108,2025-07-24 13:35:00
R9,R9_S68,13.084098872328392,80.28066118214912,2025-07-24 13:40:00
R9,R9_S69,13.080237578780514,80.27665702250177,2025-07-24 13:45:00
R9,R9_S70,13.092200158286698,80.27313004722055,2025-07-24 13:50:00
R9,R9_S71,13.082433087848395,80.2619643146611,2025-07-24 13:55:00
R9,R9_S72,13.076941182875418,80.24170106219725,2025-07-24 14:00:00
R9,R9_S73,13.076673281154415,80.25320011451177,2025-07-24 14:05:00
R9,R9_S74,13.078769472429387,80.28071631825209,2025-07-24 14:10:00
R9,R9_S75,13.07937342819437,80.28163697640692,2025-07-24 14:15:00
R9,R9_S76,13.072398438665365,80.2947074496946,2025-07-24 14:20:00
R9,R9_S77,13.085670834514909,80.28691226879727,2025-07-24 14:25:00
R9,R9_S78,13.081936368006794,80.26767703567462,2025-07-24 14:30:00
R9,R9_S79,13.081825646712229,80.27618319627555,2025-07-24 14:35:00
R9,R9_S80,13.105342581279379,80.277520962276,2025-07-24 14:40:00
R9,R9_S81,13.090226823152861,80.25882534598261,2025-07-24 14:45:00
R9,R9_S82,13.101778087889814,80.26997457676765,2025-07-24 14:50:00
R9,R9_S83,13.095195049007062,80.25737222602521,2025-07-24 14:55:00
R9,R9_S84,13.067043755436107,80.28095917985719,2025-07-24 15:00:00
R9,R9_S85,13.091234214514921,80.26700613267937,2025-07-24 15:05:00
R9,R9_S86,13.071131506698615,80.27993844184262,2025-07-24 15:10:00
R9,R9_S87,13.104540967333806,80.27640507208355,2025-07-24 15:15:00
R9,R9_S88,13.089511856501241,80.27572019270997,2025-07-24 15:20:00
R9,R9_S89,13.088586526793826,80.26986072745127,2025-07-24 15:25:00
R9,R9_S90,13.083408906528222,80.26173968436235,2025-07-24 15:30:00
R9,R9_S91,13.102852751104606,80.28360644460923,2025-07-24 15:35:00
R9,R9_S92,13.084545643525455,80.27959171723535,2025-07-24 15:40:00
R9,R9_S93,13.093862463905182,80.2857804759142,2025-07-24 15:45:00
R9,R9_S94,13.075814119753634,80.26652707893189,2025-07-24 15:50:00
R9,R9_S95,13.077149878805503,80.28400807242035,2025-07-24 15:55:00
R9,R9_S96,13.087135237384626,80.25367871293462,2025-07-24 16:00:00
R9,R9_S97,13.0675507572463,80.26268933009601,2025-07-24 16:05:00
R9,R9_S98,13.061921881801439,80.26749702195464,2025-07-24 16:10:00
R9,R9_S99,13.094513592232536,80.25870622884591,2025-07-24 16:15:00
R9,R9_S100,13.081700302201831,80.25474363239111,2025-07-24 16:20:00
R10,R10_S1,13.094630385845948,80.2692096068383,2025-07-24 08:05:00
R10,R10_S2,13.07285006874183,80.27268680009549,2025-07-24 08:10:00
R10,R10_S3,13.078533452121219,80.26810152582998,2025-07-24 08:15:00
R10,R10_S4,13.09954579746017,80.28913898692002,2025-07-24 08:20:00
R10,R10_S5,13.079818278538452,80.27482782752824,2025-07-24 08:25:00
R10,R10_S6,13.098685381120964,80.27872128458618,2025-07-24 08:30:00
R10,R10_S7,13.07352147568104,80.26424488073911,2025-07-24 08:35:00
R10,R10_S8,13.091436285020746,80.2703959723347,2025-07-24 08:40:00
R10,R10_S9,13.072063541232701,80.26375517124139,2025-07-24 08:45:00
R10,R10_S10,13.085094894681129,80.2746964910542,2025-07-24 08:50:00
R10,R10_S11,13.085053179614391,80.26529896906402,2025-07-24 08:55:00
R10,R10_S12,13.097321959387177,80.27518635764515,2025-07-24 09:00:00
R10,R10_S13,13.088830591757665,80.26208595365217,2025-07-24 09:05:00
R10,R10_S14,13.103195749286247,80.26784121703807,2025-07-24 09:10:00
R10,R10_S15,13.081067735717692,80.28689824604983,2025-07-24 09:15:00
R10,R10_S16,13.082573561876583,80.27196000519045,2025-07-24 09:20:00
R10,R10_S17,13.07881653061699,80.26764380888932,2025-07-24 09:25:00
R10,R10_S18,13.086684438633569,80.27507231097547,2025-07-24 09:30:00
R10,R10_S19,13.083497565268994,80.26210766857903,2025-07-24 09:35:00
R10,R10_S20,13.080381738307576,80.25743801844358,2025-07-24 09:40:00
R10,R10_S21,13.081565193541179,80.27291558473625,2025-07-24 09:45:00
R10,R10_S22,13.074069650929172,80.25447066997319,2025-07-24 09:50:00
R10,R10_S23,13.094821586885503,80.26576855144246,2025-07-24 09:55:00
R10,R10_S24,13.085643411876186,80.28735309046061,2025-07-24 10:00:00
R10,R10_S25,13.07157369438762,80.27037309683,2025-07-24 10:05:00
R10,R10_S26,13.075115370377002,80.26099723216065,2025-07-24 10:10:00
R10,R10_S27,13.076623536546267,80.26932689034211,2025-07-24 10:15:00
R10,R10_S28,13.089061554850396,80.25446466615603,2025-07-24 10:20:00
R10,R10_S29,13.079881976193134,80.27168498348026,2025-07-24 10:25:00
R10,R10_S30,13.094292341502843,80.27117071686808,2025-07-24 10:30:00
R10,R10_S31,13.08651309612265,80.27381652856005,2025-07-24 10:35:00
R10,R10_S32,13.098890092872875,80.26915385858453,2025-07-24 10:40:00
R10,R10_S33,13.075041900199414,80.27035478200169,2025-07-24 10:45:00
R10,R10_S34,13.087965366836723,80.26592589293807,2025-07-24 10:50:00
R10,R10_S35,13.074154238196318,80.2543029088113,2025-07-24 10:55:00
R10,R10_S36,13.073187306068618,80.26466109884345,2025-07-24 11:00:00
R10,R10_S37,13.094116288643296,80.26627845029763,2025-07-24 11:05:00
R10,R10_S38,13.100834076985155,80.26727121138443,2025-07-24 11:10:00
R10,R10_S39,13.095486238880513,80.27723626887988,2025-07-24 11:15:00
R10,R10_S40,13.081100839771647,80.2800650411673,2025-07-24 11:20:00
R10,R10_S41,13.091662839601307,80.27091168144415,2025-07-24 11:25:00
R10,R10_S42,13.052623676603064,80.2764117940622,2025-07-24 11:30:00
R10,R10_S43,13.08957899967996,80.28710728941006,2025-07-24 11:35:00
R10,R10_S44,13.080647716174443,80.25896843440968,2025-07-24 11:40:00
R10,R10_S45,13.100934914692996,80.26832099248232,2025-07-24 11:45:00
R10,R10_S46,13.083154914763309,80.27628336423213,2025-07-24 11:50:00
R10,R10_S47,13.086885766826601,80.26742986314007,2025-07-24 11:55:00
R10,R10_S48,13.084202886315769,80.29001940374759,2025-07-24 12:00:00
R10,R10_S49,13.082076306605634,80.26892336743975,2025-07-24 12:05:00
R10,R10_S50,13.076801076822445,80.27768688813518,2025-07-24 12:10:00
R10,R10_S51,13.05365535603423,80.27661415509287,2025-07-24 12:15:00
R10,R10_S52,13.091269393037182,80.2742505627824,2025-07-24 12:20:00
R10,R10_S53,13.07512873153184,80.26832288957854,2025-07-24 12:25:00
R10,R10_S54,13.076211478165902,80.27446908941627,2025-07-24 12:30:00
R10,R10_S55,13.091505076638786,80.27566088496293,2025-07-24 12:35:00
R10,R10_S56,13.10220851802368,80.27341107034897,2025-07-24 12:40:00
R10,R10_S57,13.086826306230659,80.26467598377866,2025-07-24 12:45:00
R10,R10_S58,13.1036319793221,80.25558116580437,2025-07-24 12:50:00
R10,R10_S59,13.081904727322918,80.24676315848266,2025-07-24 12:55:00
R10,R10_S60,13.074457164423213,80.27753260389504,2025-07-24 13:00:00
R10,R10_S61,13.084490654292734,80.27512572353561,2025-07-24 13:05:00
R10,R10_S62,13.072149106318234,80.27196267736234,2025-07-24 13:10:00
R10,R10_S63,13.090693933586206,80.28005674456386,2025-07-24 13:15:00
R10,R10_S64,13.08563648773863,80.27002770437849,2025-07-24 13:20:00
R10,R10_S65,13.074133493685894,80.26927888538837,2025-07-24 13:25:00
R10,R10_S66,13.084244936655953,80.26733447410122,2025-07-24 13:30:00
R10,R10_S67,13.084937873665579,80.2687203424437,2025-07-24 13:35:00
R10,R10_S68,13.078043047598813,80.25281934504963,2025-07-24 13:40:00
R10,R10_S69,13.094103134150027,80.29568867386166,2025-07-24 13:45:00
R10,R10_S70,13.066089165844328,80.2757325206475,2025-07-24 13:50:00
R10,R10_S71,13.074652012514251,80.27618850425809,2025-07-24 13:55:00
R10,R10_S72,13.063040710058532,80.26987139327464,2025-07-24 14:00:00
R10,R10_S73,13.08192847351392,80.2642892373456,2025-07-24 14:05:00
R10,R10_S74,13.086742128652775,80.27785872744691,2025-07-24 14:10:00
R10,R10_S75,13.085256477038506,80.27865855629655,2025-07-24 14:15:00
R10,R10_S76,13.101289776944435,80.28052178986768,2025-07-24 14:20:00
R10,R10_S77,13.082675201688769,80.28186188064434,2025-07-24 14:25:00
R10,R10_S78,13.09264447375509,80.27716006187116,2025-07-24 14:30:00
R10,R10_S79,13.0813697811936,80.27919202309263,2025-07-24 14:35:00
R10,R10_S80,13.078637575511305,80.26453169122878,2025-07-24 14:40:00
R10,R10_S81,13.08222889884369,80.27550050268006,2025-07-24 14:45:00
R10,R10_S82,13.080471843002805,80.27312302274665,2025-07-24 14:50:00
R10,R10_S83,13.085908765111848,80.26905439030378,2025-07-24 14:55:00
R10,R10_S84,13.08757305237045,80.28141929865212,2025-07-24 15:00:00
R10,R10_S85,13.077284909995539,80.26998353114189,2025-07-24 15:05:00
R10,R10_S86,13.094735365819067,80.274132337984,2025-07-24 15:10:00
R10,R10_S87,13.084704596314138,80.27678905356255,2025-07-24 15:15:00
R10,R10_S88,13.089097594417824,80.26819941544208,2025-07-24 15:20:00
R10,R10_S89,13.072787096183598,80.27990598242712,2025-07-24 15:25:00
R10,R10_S90,13.086991328615223,80.26353291171084,2025-07-24 15:30:00
R10,R10_S91,13.07716910183086,80.27765863839095,2025-07-24 15:35:00
R10,R10_S92,13.075354266134275,80.25050186667663,2025-07-24 15:40:00
R10,R10_S93,13.080574986353088,80.28248948399238,2025-07-24 15:45:00
R10,R10_S94,13.090992139408263,80.27992785096171,2025-07-24 15:50:00
R10,R10_S95,13.083940451184269,80.26444115469099,2025-07-24 15:55:00
R10,R10_S96,13.071128833812867,80.25736871645223,2025-07-24 16:00:00
R10,R10_S97,13.066387255044319,80.26666526940008,2025-07-24 16:05:00
R10,R10_S98,13.072126021422562,80.27699980840347,2025-07-24 16:10:00
R10,R10_S99,13.091200793324177,80.2748768075224,2025-07-24 16:15:00
R10,R10_S100,13.069773474758408,80.25888420665427,2025-07-24 16:20:00
